product_id,name,dataset_label,n_pct,p2o5_pct,k2o_pct,price_inr_per_kg,price_date,bag_size_kg,source
urea,Urea (neem-coated),Urea,46,0,0,5.92,2025-01-01,45,"IFFCO Fertiliser's Price List (w.e.f. 1 Jan 2025): 45 kg bag, MRP incl. GST Rs.266.50 -> 5.9222/kg, rounded. Grade per FCO 1985 minimum-N-content specification for urea (46%)."
dap,DAP,DAP,18,46,0,27.00,2025-01-01,50,"IFFCO Fertiliser's Price List (w.e.f. 1 Jan 2025): 50 kg bag, MRP incl. GST Rs.1350 -> 27.00/kg (matches the nationally reported MRP cap, e.g. The Statesman, Mar 2026). Grade 18-46-0 per IFFCO's own product page (iffco.in/en/dap-18-46-0)."
mop,MOP (Muriate of Potash),MOP,0,0,60,34.21,2026-03-10,50,"RESOLVED (2026-09-27), third check: PIB Release ID 2237470, Ministry of Chemicals and Fertilizers, 10 Mar 2026 ('Government Stabilizes Fertilizer Prices for Rabi 2025-26'), Smt. Anupriya Patel (MoS) in a written reply to a Rajya Sabha Unstarred Question -- states directly: 'The average retail prices for other key grades (per 50 kg bag) for the 2025-26 period are: ... Muriate of Potash (MOP): Rs.1710.54' -> 34.2108/kg, rounded to 34.21. This is a government-reported market-average retail price (across manufacturers, for the current Rabi 2025-26 season), not one company's own MRP list the way urea/DAP/28-28/10-26-26 are (IFFCO's) -- flagged as a different kind of source, still a real, dated, primary citation, not invented. Two earlier passes had checked IFFCO's own price list (doesn't carry MOP) and general market listings (too inconsistent, Rs.9-1500/kg-equivalent) without success; found on a third, more targeted pass searching specifically for a Rabi-2025-26-period PIB release, the same category of source already used for the NBS subsidy figures below. Standard grade 0-0-60 per Indian Potash Ltd / industry convention; bag_size_kg=50 explicitly stated in this same source ('per 50 kg bag'). Government SUBSIDY on MOP (separate from this retail price) is Rs.1428/MT per PIB Release ID 2211384, 5 Jan 2026 -- not used as price_inr_per_kg, since that's paid to companies, not the farmer-facing price."
ssp,SSP (Single Superphosphate),SSP,0,16,0,TODO(data),TODO(data),TODO(data),"Standard grade 0-16-0 (also supplies ~11% S) per FCO 1985 minimum-P-content specification. Also decontrolled MRP; NBS subsidy for SSP 0-16-0-11 is Rs.7408/MT per the same PIB Rabi 2025-26 notification, again not the consumer price. Market listings found ranged Rs.105-235/kg across suppliers and regions -- too inconsistent to cite a single number responsibly. bag_size_kg not found from a primary source for this product -- left TODO(data)."
npk_14_35_14,NPK 14-35-14,14-35-14,14,35,14,TODO(data),TODO(data),TODO(data),"Grade name = guaranteed N-P2O5-K2O %% per FCO 1985 nomenclature (definitional, not from a price list). NBS subsidy Rs.23142/MT per PIB Rabi 2025-26 notification; no dated consumer retail price or bag size found in this pass."
npk_17_17_17,NPK 17-17-17,17-17-17,17,17,17,TODO(data),TODO(data),TODO(data),"Grade name = guaranteed N-P2O5-K2O %% per FCO 1985 nomenclature (definitional, not from a price list). NBS subsidy Rs.15871/MT per PIB Rabi 2025-26 notification; no dated consumer retail price or bag size found in this pass."
np_20_20_0,NP 20-20-0,20-20,20,20,0,TODO(data),TODO(data),TODO(data),"Grade name = guaranteed N-P2O5-K2O %% per FCO 1985 nomenclature (definitional). NBS subsidy for NP 20-20-0-0 is Rs.18196/MT per PIB Backgrounder, Release ID 2211384, 5 Jan 2026 (Rabi 2025-26 rates) -- that's a subsidy paid to companies, not the consumer retail price, so it is NOT used as price_inr_per_kg (same reasoning as MOP/SSP above). IFFCO sells a related but distinct product, NPK 20-20-0-13 (13%% S), at Rs.1300/50kg = 26.00/kg (w.e.f. 1 Jan 2025) -- not used either, since it's a different, sulphur-fortified grade, not this exact product. bag_size_kg TODO(data)."
np_28_28_0,NP 28-28-0,28-28,28,28,0,35.00,2025-01-01,50,"IFFCO Fertiliser's Price List (w.e.f. 1 Jan 2025): 50 kg bag, MRP incl. GST Rs.1750 -> 35.00/kg."
npk_10_26_26,NPK 10-26-26,10-26-26,10,26,26,34.40,2025-01-01,50,"IFFCO Fertiliser's Price List (w.e.f. 1 Jan 2025): 50 kg bag, MRP incl. GST Rs.1720 -> 34.40/kg."
