crop_id,stage_id,name_en,name_hi,order,das_start,das_end,source
wheat,sowing,Sowing,बुवाई,1,0,0,"PAU POP Rabi 2025-26 p.9-10: full P and K (and N if SSP-sourced) drilled at sowing"
wheat,crown_root_initiation,Crown Root Initiation / First Irrigation,मूल प्रारंभ अवस्था,2,TODO(data),TODO(data),"PAU POP Rabi 2025-26 p.9-10 names 'first irrigation' as the first nitrogen split but does not state an exact DAS window in this source"
wheat,second_irrigation,Second Irrigation / Late Tillering,दूसरी सिंचाई अवस्था,3,50,55,"PAU POP Rabi 2025-26 p.10: '2nd split of nitrogen application must be completed within 50-55 days after sowing'"
wheat,maturity,Maturity / Harvest,परिपक्वता अवस्था,4,148,158,"PAU POP Rabi 2025-26 p.1-3: recommended variety maturity range is 146-158 days (e.g. PBW 872 matures in 152 days)"
rice,nursery_sowing,Nursery Sowing,नर्सरी बुवाई,1,0,0,"PAU POP Kharif 2026 p.4: optimum nursery sowing window is 20 May-20 June depending on variety"
rice,transplanting,Transplanting,रोपाई,2,25,30,"PAU POP Kharif 2026 p.5: seedlings ready for transplanting in 25-30 days (up to 45+ days under forced delay)"
rice,first_n_split,First Nitrogen Split,पहली नाइट्रोजन खुराक,3,TODO(data),TODO(data),"PAU POP Kharif 2026 p.10: 'first split should be applied upto 7 days of transplanting' -- stage is measured in Days After Transplanting (DAT), not days after sowing; see data-dictionary.md note"
rice,active_tillering,Active Tillering / Second Nitrogen Split,सक्रिय कल्ले निकलना,4,21,21,"PAU POP Kharif 2026 p.10: second split at 21 days after transplanting (DAT, not DAS -- see data-dictionary.md note)"
rice,panicle_initiation,Panicle Initiation / Third Nitrogen Split,बाली बनने की अवस्था,5,35,42,"PAU POP Kharif 2026 p.10: third split at 42 DAT for most varieties, 35 DAT for short-duration PR 126 (DAT, not DAS -- see data-dictionary.md note)"
maize,sowing,Sowing,बुवाई,1,0,0,"PAU POP Kharif 2026 p.33: one-third N plus full P and K drilled at sowing"
maize,knee_high,Knee-high Stage,घुटने की ऊँचाई अवस्था,2,TODO(data),TODO(data),"PAU POP Kharif 2026 p.33: 'top dress one-third of nitrogen at the knee-high stage' -- exact DAS window not stated in this source"
maize,pre_tasseling,Pre-tasseling Stage,पूर्व-मंजरी अवस्था,3,TODO(data),TODO(data),"PAU POP Kharif 2026 p.33: 'remaining one-third at the pre tasseling stage' -- exact DAS window not stated in this source"
cotton,sowing,Sowing,बुवाई,1,0,0,"PAU POP Kharif 2026 p.46: sowing window is 1 April-15 May; full phosphorus drilled at sowing"
cotton,thinning,Thinning,विरलीकरण,2,TODO(data),TODO(data),"PAU POP Kharif 2026 p.49: 'apply half nitrogen at thinning' -- exact DAS not stated in this source"
cotton,squaring,Squaring,फूल कली अवस्था,3,45,55,"PAU POP Kharif 2026 p.52: squares (flower buds) appear 45-55 days after sowing (pink bollworm mating-disruption timing reference)"
cotton,flowering,Flower Initiation,फूल आना,4,TODO(data),TODO(data),"PAU POP Kharif 2026 p.49: 'remaining half [nitrogen] at the appearance of flowers' -- exact DAS not stated in this source"
sugarcane,planting,Planting,रोपण,1,0,0,"PAU POP Kharif 2026 p.83: full phosphorus (and potash, if soil-test low) applied in furrows at planting"
sugarcane,first_n_topdress,First Nitrogen Top-dress (post-germination),पहला नाइट्रोजन प्रयोग,2,TODO(data),TODO(data),"PAU POP Kharif 2026 p.83: 'one half dose of nitrogen...with first irrigation after germination' -- exact DAS not stated in this source"
sugarcane,grand_growth,Grand Growth (second N top-dress),वृद्धि अवस्था,3,TODO(data),TODO(data),"PAU POP Kharif 2026 p.83: 'remaining half dose of nitrogen...in May or June' -- exact DAS not stated in this source"
chickpea,sowing,Sowing,बुवाई,1,0,0,"PAU POP Rabi 2025-26 p.36: 'Drill all fertilizers at sowing' (desi and kabuli gram)"
chickpea,flowering_pod_filling,Flowering / Pod Filling,फूल एवं फली भरने की अवस्था,2,90,110,"PAU POP Rabi 2025-26 p.35-36: foliar 2% urea spray recommended at 90 and 110 days of sowing to boost yield"
