soter_unit_id,suid,profile_id,fao88_soil_class,drainage_class,layer,top_depth_cm,bottom_depth_cm,sand_pct,silt_pct,clay_pct,particle_size_class,bulk_density_g_cm3,avail_water_capacity_mm_m,cec_soil_cmol_kg,base_saturation_pct,cec_clay_cmol_kg,ph_h2o,caco3_pct,gypsum_pct,ec_ds_m,total_carbon_pct,total_nitrogen_pct,al_saturation_pct,exchangeable_sodium_pct,proportion_of_map_unit_pct
IN14,14.0,IN-BHNR,ARh,E,D1,0.0,20.0,89.0,3.0,8.0,C,1.5,10.0,1.1,100.0,9.0,7.6,20.0,1.0,0.2,1.1,0.48,0.0,3.0,100.0
IN5,5.0,IN-FTHPR,CMe,W,D1,0.0,20.0,82.0,12.0,6.0,C,1.5,3.0,3.75,100.0,56.0,7.8,20.0,0.0,0.77,1.17,0.62,0.0,3.0,100.0
IN1,1.0,IN-MSTWLI,FLc,W,D1,0.0,20.0,70.0,16.0,14.0,C,1.57,5.0,3.78,100.0,23.0,8.0,20.0,0.0,0.47,1.5,0.29,0.0,4.0,100.0
IN16,16.0,IN-BSRM,CMe,P,D1,0.0,20.0,24.0,64.0,12.0,M,1.2,14.0,6.72,89.0,44.0,7.27,5.0,1.0,0.38,3.99,1.06,0.0,9.0,100.0
IN29,29.0,IN-HNGR,GLe,I,D1,0.0,20.0,17.0,35.0,48.0,F,1.43,6.0,19.84,82.0,35.0,5.9,0.0,0.0,0.0,8.15,1.53,0.0,3.0,100.0
IN6,6.0,IN-PHWLA,CMc,M,D1,0.0,20.0,50.0,32.0,18.0,M,1.4,11.0,10.32,100.0,52.0,9.15,30.0,1.0,0.93,2.67,0.64,0.0,33.0,100.0
IN29,29.0,IN-HNGR,GLe,I,D1,0.0,20.0,17.0,35.0,48.0,F,1.43,6.0,19.84,82.0,35.0,5.9,0.0,0.0,0.0,8.15,1.53,0.0,3.0,100.0
IN24,24.0,IN-NYP,GLe,I,D1,0.0,20.0,19.0,52.0,29.0,M,1.4,17.0,8.9,87.0,25.0,7.2,9.3,0.75,1.73,5.0,0.8,0.0,2.0,100.0
IN20,20.0,IN-BHRC,FLe,I,D1,0.0,20.0,62.0,26.0,12.0,M,1.35,12.0,9.65,100.0,74.0,9.05,30.0,1.0,0.16,2.05,0.74,0.0,6.0,100.0
IN6,6.0,IN-PHWLA,CMc,M,D1,0.0,20.0,50.0,32.0,18.0,M,1.4,11.0,10.32,100.0,52.0,9.15,30.0,1.0,0.93,2.67,0.64,0.0,33.0,100.0
IN28,28.0,IN-KNPR,GLe,W,D1,0.0,20.0,49.0,22.0,29.0,M,1.4,17.0,14.8,45.0,46.0,4.68,0.0,0.0,0.0,4.07,0.8,15.0,6.0,100.0
IN28,28.0,IN-KNPR,GLe,W,D1,0.0,20.0,49.0,22.0,29.0,M,1.4,17.0,14.8,45.0,46.0,4.68,0.0,0.0,0.0,4.07,0.8,15.0,6.0,100.0
IN28,28.0,IN-KNPR,GLe,W,D1,0.0,20.0,49.0,22.0,29.0,M,1.4,17.0,14.8,45.0,46.0,4.68,0.0,0.0,0.0,4.07,0.8,15.0,6.0,100.0
IN27,27.0,IN-SSNG,FLe,I,D1,0.0,20.0,24.0,51.0,25.0,M,1.36,12.0,15.15,87.0,53.0,6.35,0.0,0.0,0.0,5.32,0.9,0.0,3.0,100.0
IN7,7.0,IN-ZRFVN,SNh,P,D1,0.0,20.0,36.0,37.0,27.0,M,1.5,9.0,12.15,100.0,41.0,10.3,30.0,0.0,1.08,3.0,0.77,0.0,96.0,100.0
IN14,14.0,IN-BHNR,ARh,E,D1,0.0,20.0,89.0,3.0,8.0,C,1.5,10.0,1.1,100.0,9.0,7.6,20.0,1.0,0.2,1.1,0.48,0.0,3.0,100.0
IN15,15.0,IN-BRPR,CMe,M,D1,0.0,20.0,25.0,48.0,27.0,M,1.38,14.0,14.88,100.0,51.0,8.32,30.0,1.0,0.2,3.1,1.06,0.0,2.0,100.0
IN1,1.0,IN-MSTWLI,FLc,W,D1,0.0,20.0,70.0,16.0,14.0,C,1.57,5.0,3.78,100.0,23.0,8.0,20.0,0.0,0.47,1.5,0.29,0.0,4.0,100.0
IN5,5.0,IN-FTHPR,CMe,W,D1,0.0,20.0,82.0,12.0,6.0,C,1.5,3.0,3.75,100.0,56.0,7.8,20.0,0.0,0.77,1.17,0.62,0.0,3.0,100.0
IN6,6.0,IN-PHWLA,CMc,M,D1,0.0,20.0,50.0,32.0,18.0,M,1.4,11.0,10.32,100.0,52.0,9.15,30.0,1.0,0.93,2.67,0.64,0.0,33.0,100.0
IN27,27.0,IN-SSNG,FLe,I,D1,0.0,20.0,24.0,51.0,25.0,M,1.36,12.0,15.15,87.0,53.0,6.35,0.0,0.0,0.0,5.32,0.9,0.0,3.0,100.0
IN5,5.0,IN-FTHPR,CMe,W,D1,0.0,20.0,82.0,12.0,6.0,C,1.5,3.0,3.75,100.0,56.0,7.8,20.0,0.0,0.77,1.17,0.62,0.0,3.0,100.0
IN1,1.0,IN-MSTWLI,FLc,W,D1,0.0,20.0,70.0,16.0,14.0,C,1.57,5.0,3.78,100.0,23.0,8.0,20.0,0.0,0.47,1.5,0.29,0.0,4.0,100.0
IN29,29.0,IN-HNGR,GLe,I,D1,0.0,20.0,17.0,35.0,48.0,F,1.43,6.0,19.84,82.0,35.0,5.9,0.0,0.0,0.0,8.15,1.53,0.0,3.0,100.0
IN14,14.0,IN-BHNR,ARh,E,D1,0.0,20.0,89.0,3.0,8.0,C,1.5,10.0,1.1,100.0,9.0,7.6,20.0,1.0,0.2,1.1,0.48,0.0,3.0,100.0
IN16,16.0,IN-BSRM,CMe,P,D1,0.0,20.0,24.0,64.0,12.0,M,1.2,14.0,6.72,89.0,44.0,7.27,5.0,1.0,0.38,3.99,1.06,0.0,9.0,100.0
IN5,5.0,IN-FTHPR,CMe,W,D1,0.0,20.0,82.0,12.0,6.0,C,1.5,3.0,3.75,100.0,56.0,7.8,20.0,0.0,0.77,1.17,0.62,0.0,3.0,100.0
IN15,15.0,IN-BRPR,CMe,M,D1,0.0,20.0,25.0,48.0,27.0,M,1.38,14.0,14.88,100.0,51.0,8.32,30.0,1.0,0.2,3.1,1.06,0.0,2.0,100.0
IN15,15.0,IN-BRPR,CMe,M,D1,0.0,20.0,25.0,48.0,27.0,M,1.38,14.0,14.88,100.0,51.0,8.32,30.0,1.0,0.2,3.1,1.06,0.0,2.0,100.0
IN19,19.0,IN-AKBP,SNh,I,D1,0.0,20.0,40.0,38.0,22.0,M,1.54,9.0,12.0,100.0,48.0,9.3,30.0,1.0,0.3,4.3,0.77,0.0,11.0,100.0
IN13,13.0,IN-JGJT,CMe,I,D1,0.0,20.0,49.0,29.0,22.0,M,1.38,14.0,10.5,100.0,42.0,9.5,30.0,1.0,0.15,3.67,1.06,0.0,14.0,100.0
IN14,14.0,IN-BHNR,ARh,E,D1,0.0,20.0,89.0,3.0,8.0,C,1.5,10.0,1.1,100.0,9.0,7.6,20.0,1.0,0.2,1.1,0.48,0.0,3.0,100.0
IN14,14.0,IN-BHNR,ARh,E,D1,0.0,20.0,89.0,3.0,8.0,C,1.5,10.0,1.1,100.0,9.0,7.6,20.0,1.0,0.2,1.1,0.48,0.0,3.0,100.0
IN1,1.0,IN-MSTWLI,FLc,W,D1,0.0,20.0,70.0,16.0,14.0,C,1.57,5.0,3.78,100.0,23.0,8.0,20.0,0.0,0.47,1.5,0.29,0.0,4.0,100.0
IN14,14.0,IN-BHNR,ARh,E,D1,0.0,20.0,89.0,3.0,8.0,C,1.5,10.0,1.1,100.0,9.0,7.6,20.0,1.0,0.2,1.1,0.48,0.0,3.0,100.0
IN15,15.0,IN-BRPR,CMe,M,D1,0.0,20.0,25.0,48.0,27.0,M,1.38,14.0,14.88,100.0,51.0,8.32,30.0,1.0,0.2,3.1,1.06,0.0,2.0,100.0
IN15,15.0,IN-BRPR,CMe,M,D1,0.0,20.0,25.0,48.0,27.0,M,1.38,14.0,14.88,100.0,51.0,8.32,30.0,1.0,0.2,3.1,1.06,0.0,2.0,100.0
IN7,7.0,IN-ZRFVN,SNh,P,D1,0.0,20.0,36.0,37.0,27.0,M,1.5,9.0,12.15,100.0,41.0,10.3,30.0,0.0,1.08,3.0,0.77,0.0,96.0,100.0
IN14,14.0,IN-BHNR,ARh,E,D1,0.0,20.0,89.0,3.0,8.0,C,1.5,10.0,1.1,100.0,9.0,7.6,20.0,1.0,0.2,1.1,0.48,0.0,3.0,100.0
IN12,12.0,IN-DHD,CMe,I,D1,0.0,20.0,14.0,63.0,23.0,Z,1.5,21.0,9.8,100.0,37.0,8.65,30.0,1.0,0.38,3.83,1.19,0.0,4.0,100.0
IN13,13.0,IN-JGJT,CMe,I,D1,0.0,20.0,49.0,29.0,22.0,M,1.38,14.0,10.5,100.0,42.0,9.5,30.0,1.0,0.15,3.67,1.06,0.0,14.0,100.0
IN6,6.0,IN-PHWLA,CMc,M,D1,0.0,20.0,50.0,32.0,18.0,M,1.4,11.0,10.32,100.0,52.0,9.15,30.0,1.0,0.93,2.67,0.64,0.0,33.0,100.0
IN6,6.0,IN-PHWLA,CMc,M,D1,0.0,20.0,50.0,32.0,18.0,M,1.4,11.0,10.32,100.0,52.0,9.15,30.0,1.0,0.93,2.67,0.64,0.0,33.0,100.0
IN16,16.0,IN-BSRM,CMe,P,D1,0.0,20.0,24.0,64.0,12.0,M,1.2,14.0,6.72,89.0,44.0,7.27,5.0,1.0,0.38,3.99,1.06,0.0,9.0,100.0
IN7,7.0,IN-ZRFVN,SNh,P,D1,0.0,20.0,36.0,37.0,27.0,M,1.5,9.0,12.15,100.0,41.0,10.3,30.0,0.0,1.08,3.0,0.77,0.0,96.0,100.0
IN4,4.0,IN-JDRM,CMe,S,D1,0.0,20.0,66.0,30.0,4.0,M,1.38,14.0,6.0,100.0,135.0,8.1,20.0,1.0,0.2,1.7,1.06,0.0,2.0,100.0
IN2,2.0,IN-NHLKRA,CLh,I,D1,0.0,20.0,63.0,21.0,16.0,M,1.3,9.0,17.0,100.0,97.0,8.15,20.0,0.0,0.14,4.05,0.74,0.0,2.0,100.0
IN1,1.0,IN-MSTWLI,FLc,W,D1,0.0,20.0,70.0,16.0,14.0,C,1.57,5.0,3.78,100.0,23.0,8.0,20.0,0.0,0.47,1.5,0.29,0.0,4.0,100.0
IN14,14.0,IN-BHNR,ARh,E,D1,0.0,20.0,89.0,3.0,8.0,C,1.5,10.0,1.1,100.0,9.0,7.6,20.0,1.0,0.2,1.1,0.48,0.0,3.0,100.0
IN16,16.0,IN-BSRM,CMe,P,D1,0.0,20.0,24.0,64.0,12.0,M,1.2,14.0,6.72,89.0,44.0,7.27,5.0,1.0,0.38,3.99,1.06,0.0,9.0,100.0
IN16,16.0,IN-BSRM,CMe,P,D1,0.0,20.0,24.0,64.0,12.0,M,1.2,14.0,6.72,89.0,44.0,7.27,5.0,1.0,0.38,3.99,1.06,0.0,9.0,100.0
IN13,13.0,IN-JGJT,CMe,I,D1,0.0,20.0,49.0,29.0,22.0,M,1.38,14.0,10.5,100.0,42.0,9.5,30.0,1.0,0.15,3.67,1.06,0.0,14.0,100.0
IN16,16.0,IN-BSRM,CMe,P,D1,0.0,20.0,24.0,64.0,12.0,M,1.2,14.0,6.72,89.0,44.0,7.27,5.0,1.0,0.38,3.99,1.06,0.0,9.0,100.0
IN24,24.0,IN-NYP,GLe,I,D1,0.0,20.0,19.0,52.0,29.0,M,1.4,17.0,8.9,87.0,25.0,7.2,9.3,0.75,1.73,5.0,0.8,0.0,2.0,100.0
IN2,2.0,IN-NHLKRA,CLh,I,D1,0.0,20.0,63.0,21.0,16.0,M,1.3,9.0,17.0,100.0,97.0,8.15,20.0,0.0,0.14,4.05,0.74,0.0,2.0,100.0
IN14,14.0,IN-BHNR,ARh,E,D1,0.0,20.0,89.0,3.0,8.0,C,1.5,10.0,1.1,100.0,9.0,7.6,20.0,1.0,0.2,1.1,0.48,0.0,3.0,100.0
IN6,6.0,IN-PHWLA,CMc,M,D1,0.0,20.0,50.0,32.0,18.0,M,1.4,11.0,10.32,100.0,52.0,9.15,30.0,1.0,0.93,2.67,0.64,0.0,33.0,100.0
IN3,3.0,IN-JSPW,ARc,E,D1,0.0,20.0,90.0,5.0,5.0,C,1.5,3.0,6.0,100.0,114.0,8.2,20.0,1.0,0.19,0.9,0.22,0.0,3.0,100.0
IN7,7.0,IN-ZRFVN,SNh,P,D1,0.0,20.0,36.0,37.0,27.0,M,1.5,9.0,12.15,100.0,41.0,10.3,30.0,0.0,1.08,3.0,0.77,0.0,96.0,100.0
IN1,1.0,IN-MSTWLI,FLc,W,D1,0.0,20.0,70.0,16.0,14.0,C,1.57,5.0,3.78,100.0,23.0,8.0,20.0,0.0,0.47,1.5,0.29,0.0,4.0,100.0
IN13,13.0,IN-JGJT,CMe,I,D1,0.0,20.0,49.0,29.0,22.0,M,1.38,14.0,10.5,100.0,42.0,9.5,30.0,1.0,0.15,3.67,1.06,0.0,14.0,100.0
IN18,18.0,IN-SMR1,CMe,M,D1,0.0,20.0,60.0,25.0,15.0,M,1.38,14.0,7.0,93.0,43.0,6.6,3.0,1.0,0.38,1.5,1.06,0.0,2.0,100.0
IN16,16.0,IN-BSRM,CMe,P,D1,0.0,20.0,24.0,64.0,12.0,M,1.2,14.0,6.72,89.0,44.0,7.27,5.0,1.0,0.38,3.99,1.06,0.0,9.0,100.0
IN1,1.0,IN-MSTWLI,FLc,W,D1,0.0,20.0,70.0,16.0,14.0,C,1.57,5.0,3.78,100.0,23.0,8.0,20.0,0.0,0.47,1.5,0.29,0.0,4.0,100.0
IN5,5.0,IN-FTHPR,CMe,W,D1,0.0,20.0,82.0,12.0,6.0,C,1.5,3.0,3.75,100.0,56.0,7.8,20.0,0.0,0.77,1.17,0.62,0.0,3.0,100.0
IN18,18.0,IN-SMR1,CMe,M,D1,0.0,20.0,60.0,25.0,15.0,M,1.38,14.0,7.0,93.0,43.0,6.6,3.0,1.0,0.38,1.5,1.06,0.0,2.0,100.0
IN3,3.0,IN-JSPW,ARc,E,D1,0.0,20.0,90.0,5.0,5.0,C,1.5,3.0,6.0,100.0,114.0,8.2,20.0,1.0,0.19,0.9,0.22,0.0,3.0,100.0
IN4,4.0,IN-JDRM,CMe,S,D1,0.0,20.0,66.0,30.0,4.0,M,1.38,14.0,6.0,100.0,135.0,8.1,20.0,1.0,0.2,1.7,1.06,0.0,2.0,100.0
IN13,13.0,IN-JGJT,CMe,I,D1,0.0,20.0,49.0,29.0,22.0,M,1.38,14.0,10.5,100.0,42.0,9.5,30.0,1.0,0.15,3.67,1.06,0.0,14.0,100.0
IN14,14.0,IN-BHNR,ARh,E,D1,0.0,20.0,89.0,3.0,8.0,C,1.5,10.0,1.1,100.0,9.0,7.6,20.0,1.0,0.2,1.1,0.48,0.0,3.0,100.0
IN6,6.0,IN-PHWLA,CMc,M,D1,0.0,20.0,50.0,32.0,18.0,M,1.4,11.0,10.32,100.0,52.0,9.15,30.0,1.0,0.93,2.67,0.64,0.0,33.0,100.0
IN14,14.0,IN-BHNR,ARh,E,D1,0.0,20.0,89.0,3.0,8.0,C,1.5,10.0,1.1,100.0,9.0,7.6,20.0,1.0,0.2,1.1,0.48,0.0,3.0,100.0
IN7,7.0,IN-ZRFVN,SNh,P,D1,0.0,20.0,36.0,37.0,27.0,M,1.5,9.0,12.15,100.0,41.0,10.3,30.0,0.0,1.08,3.0,0.77,0.0,96.0,100.0
IN6,6.0,IN-PHWLA,CMc,M,D1,0.0,20.0,50.0,32.0,18.0,M,1.4,11.0,10.32,100.0,52.0,9.15,30.0,1.0,0.93,2.67,0.64,0.0,33.0,100.0
IN18,18.0,IN-SMR1,CMe,M,D1,0.0,20.0,60.0,25.0,15.0,M,1.38,14.0,7.0,93.0,43.0,6.6,3.0,1.0,0.38,1.5,1.06,0.0,2.0,100.0
IN29,29.0,IN-HNGR,GLe,I,D1,0.0,20.0,17.0,35.0,48.0,F,1.43,6.0,19.84,82.0,35.0,5.9,0.0,0.0,0.0,8.15,1.53,0.0,3.0,100.0
IN16,16.0,IN-BSRM,CMe,P,D1,0.0,20.0,24.0,64.0,12.0,M,1.2,14.0,6.72,89.0,44.0,7.27,5.0,1.0,0.38,3.99,1.06,0.0,9.0,100.0
IN1,1.0,IN-MSTWLI,FLc,W,D1,0.0,20.0,70.0,16.0,14.0,C,1.57,5.0,3.78,100.0,23.0,8.0,20.0,0.0,0.47,1.5,0.29,0.0,4.0,100.0
IN1,1.0,IN-MSTWLI,FLc,W,D1,0.0,20.0,70.0,16.0,14.0,C,1.57,5.0,3.78,100.0,23.0,8.0,20.0,0.0,0.47,1.5,0.29,0.0,4.0,100.0
IN29,29.0,IN-HNGR,GLe,I,D1,0.0,20.0,17.0,35.0,48.0,F,1.43,6.0,19.84,82.0,35.0,5.9,0.0,0.0,0.0,8.15,1.53,0.0,3.0,100.0
IN1,1.0,IN-MSTWLI,FLc,W,D1,0.0,20.0,70.0,16.0,14.0,C,1.57,5.0,3.78,100.0,23.0,8.0,20.0,0.0,0.47,1.5,0.29,0.0,4.0,100.0
IN18,18.0,IN-SMR1,CMe,M,D1,0.0,20.0,60.0,25.0,15.0,M,1.38,14.0,7.0,93.0,43.0,6.6,3.0,1.0,0.38,1.5,1.06,0.0,2.0,100.0
IN16,16.0,IN-BSRM,CMe,P,D1,0.0,20.0,24.0,64.0,12.0,M,1.2,14.0,6.72,89.0,44.0,7.27,5.0,1.0,0.38,3.99,1.06,0.0,9.0,100.0
IN16,16.0,IN-BSRM,CMe,P,D1,0.0,20.0,24.0,64.0,12.0,M,1.2,14.0,6.72,89.0,44.0,7.27,5.0,1.0,0.38,3.99,1.06,0.0,9.0,100.0
IN3,3.0,IN-JSPW,ARc,E,D1,0.0,20.0,90.0,5.0,5.0,C,1.5,3.0,6.0,100.0,114.0,8.2,20.0,1.0,0.19,0.9,0.22,0.0,3.0,100.0
IN6,6.0,IN-PHWLA,CMc,M,D1,0.0,20.0,50.0,32.0,18.0,M,1.4,11.0,10.32,100.0,52.0,9.15,30.0,1.0,0.93,2.67,0.64,0.0,33.0,100.0
IN18,18.0,IN-SMR1,CMe,M,D1,0.0,20.0,60.0,25.0,15.0,M,1.38,14.0,7.0,93.0,43.0,6.6,3.0,1.0,0.38,1.5,1.06,0.0,2.0,100.0
IN6,6.0,IN-PHWLA,CMc,M,D1,0.0,20.0,50.0,32.0,18.0,M,1.4,11.0,10.32,100.0,52.0,9.15,30.0,1.0,0.93,2.67,0.64,0.0,33.0,100.0
IN2,2.0,IN-NHLKRA,CLh,I,D1,0.0,20.0,63.0,21.0,16.0,M,1.3,9.0,17.0,100.0,97.0,8.15,20.0,0.0,0.14,4.05,0.74,0.0,2.0,100.0
IN16,16.0,IN-BSRM,CMe,P,D1,0.0,20.0,24.0,64.0,12.0,M,1.2,14.0,6.72,89.0,44.0,7.27,5.0,1.0,0.38,3.99,1.06,0.0,9.0,100.0
IN4,4.0,IN-JDRM,CMe,S,D1,0.0,20.0,66.0,30.0,4.0,M,1.38,14.0,6.0,100.0,135.0,8.1,20.0,1.0,0.2,1.7,1.06,0.0,2.0,100.0
IN10,10.0,IN-HRPR,SCn,P,D1,0.0,20.0,61.0,20.0,19.0,M,1.54,10.0,8.3,100.0,39.0,10.35,30.0,30.5,26.3,2.5,0.51,0.0,94.0,100.0
IN6,6.0,IN-PHWLA,CMc,M,D1,0.0,20.0,50.0,32.0,18.0,M,1.4,11.0,10.32,100.0,52.0,9.15,30.0,1.0,0.93,2.67,0.64,0.0,33.0,100.0
IN29,29.0,IN-HNGR,GLe,I,D1,0.0,20.0,17.0,35.0,48.0,F,1.43,6.0,19.84,82.0,35.0,5.9,0.0,0.0,0.0,8.15,1.53,0.0,3.0,100.0
IN6,6.0,IN-PHWLA,CMc,M,D1,0.0,20.0,50.0,32.0,18.0,M,1.4,11.0,10.32,100.0,52.0,9.15,30.0,1.0,0.93,2.67,0.64,0.0,33.0,100.0
IN3,3.0,IN-JSPW,ARc,E,D1,0.0,20.0,90.0,5.0,5.0,C,1.5,3.0,6.0,100.0,114.0,8.2,20.0,1.0,0.19,0.9,0.22,0.0,3.0,100.0
IN7,7.0,IN-ZRFVN,SNh,P,D1,0.0,20.0,36.0,37.0,27.0,M,1.5,9.0,12.15,100.0,41.0,10.3,30.0,0.0,1.08,3.0,0.77,0.0,96.0,100.0
IN6,6.0,IN-PHWLA,CMc,M,D1,0.0,20.0,50.0,32.0,18.0,M,1.4,11.0,10.32,100.0,52.0,9.15,30.0,1.0,0.93,2.67,0.64,0.0,33.0,100.0
IN16,16.0,IN-BSRM,CMe,P,D1,0.0,20.0,24.0,64.0,12.0,M,1.2,14.0,6.72,89.0,44.0,7.27,5.0,1.0,0.38,3.99,1.06,0.0,9.0,100.0
IN6,6.0,IN-PHWLA,CMc,M,D1,0.0,20.0,50.0,32.0,18.0,M,1.4,11.0,10.32,100.0,52.0,9.15,30.0,1.0,0.93,2.67,0.64,0.0,33.0,100.0
IN16,16.0,IN-BSRM,CMe,P,D1,0.0,20.0,24.0,64.0,12.0,M,1.2,14.0,6.72,89.0,44.0,7.27,5.0,1.0,0.38,3.99,1.06,0.0,9.0,100.0
IN18,18.0,IN-SMR1,CMe,M,D1,0.0,20.0,60.0,25.0,15.0,M,1.38,14.0,7.0,93.0,43.0,6.6,3.0,1.0,0.38,1.5,1.06,0.0,2.0,100.0
IN1,1.0,IN-MSTWLI,FLc,W,D1,0.0,20.0,70.0,16.0,14.0,C,1.57,5.0,3.78,100.0,23.0,8.0,20.0,0.0,0.47,1.5,0.29,0.0,4.0,100.0
IN2,2.0,IN-NHLKRA,CLh,I,D1,0.0,20.0,63.0,21.0,16.0,M,1.3,9.0,17.0,100.0,97.0,8.15,20.0,0.0,0.14,4.05,0.74,0.0,2.0,100.0
IN20,20.0,IN-BHRC,FLe,I,D1,0.0,20.0,62.0,26.0,12.0,M,1.35,12.0,9.65,100.0,74.0,9.05,30.0,1.0,0.16,2.05,0.74,0.0,6.0,100.0
IN18,18.0,IN-SMR1,CMe,M,D1,0.0,20.0,60.0,25.0,15.0,M,1.38,14.0,7.0,93.0,43.0,6.6,3.0,1.0,0.38,1.5,1.06,0.0,2.0,100.0
IN14,14.0,IN-BHNR,ARh,E,D1,0.0,20.0,89.0,3.0,8.0,C,1.5,10.0,1.1,100.0,9.0,7.6,20.0,1.0,0.2,1.1,0.48,0.0,3.0,100.0
IN7,7.0,IN-ZRFVN,SNh,P,D1,0.0,20.0,36.0,37.0,27.0,M,1.5,9.0,12.15,100.0,41.0,10.3,30.0,0.0,1.08,3.0,0.77,0.0,96.0,100.0
IN13,13.0,IN-JGJT,CMe,I,D1,0.0,20.0,49.0,29.0,22.0,M,1.38,14.0,10.5,100.0,42.0,9.5,30.0,1.0,0.15,3.67,1.06,0.0,14.0,100.0
IN6,6.0,IN-PHWLA,CMc,M,D1,0.0,20.0,50.0,32.0,18.0,M,1.4,11.0,10.32,100.0,52.0,9.15,30.0,1.0,0.93,2.67,0.64,0.0,33.0,100.0
IN6,6.0,IN-PHWLA,CMc,M,D1,0.0,20.0,50.0,32.0,18.0,M,1.4,11.0,10.32,100.0,52.0,9.15,30.0,1.0,0.93,2.67,0.64,0.0,33.0,100.0
IN14,14.0,IN-BHNR,ARh,E,D1,0.0,20.0,89.0,3.0,8.0,C,1.5,10.0,1.1,100.0,9.0,7.6,20.0,1.0,0.2,1.1,0.48,0.0,3.0,100.0
IN18,18.0,IN-SMR1,CMe,M,D1,0.0,20.0,60.0,25.0,15.0,M,1.38,14.0,7.0,93.0,43.0,6.6,3.0,1.0,0.38,1.5,1.06,0.0,2.0,100.0
IN2,2.0,IN-NHLKRA,CLh,I,D1,0.0,20.0,63.0,21.0,16.0,M,1.3,9.0,17.0,100.0,97.0,8.15,20.0,0.0,0.14,4.05,0.74,0.0,2.0,100.0
IN24,24.0,IN-NYP,GLe,I,D1,0.0,20.0,19.0,52.0,29.0,M,1.4,17.0,8.9,87.0,25.0,7.2,9.3,0.75,1.73,5.0,0.8,0.0,2.0,100.0
IN35,35.0,IN-KHWI,GLe,I,D1,0.0,20.0,55.0,22.0,23.0,M,1.4,17.0,7.72,68.0,18.0,5.05,0.0,0.0,0.0,10.2,0.8,7.0,9.0,100.0
IN2,2.0,IN-NHLKRA,CLh,I,D1,0.0,20.0,63.0,21.0,16.0,M,1.3,9.0,17.0,100.0,97.0,8.15,20.0,0.0,0.14,4.05,0.74,0.0,2.0,100.0
IN3,3.0,IN-JSPW,ARc,E,D1,0.0,20.0,90.0,5.0,5.0,C,1.5,3.0,6.0,100.0,114.0,8.2,20.0,1.0,0.19,0.9,0.22,0.0,3.0,100.0
IN27,27.0,IN-SSNG,FLe,I,D1,0.0,20.0,24.0,51.0,25.0,M,1.36,12.0,15.15,87.0,53.0,6.35,0.0,0.0,0.0,5.32,0.9,0.0,3.0,100.0
IN24,24.0,IN-NYP,GLe,I,D1,0.0,20.0,19.0,52.0,29.0,M,1.4,17.0,8.9,87.0,25.0,7.2,9.3,0.75,1.73,5.0,0.8,0.0,2.0,100.0
IN29,29.0,IN-HNGR,GLe,I,D1,0.0,20.0,17.0,35.0,48.0,F,1.43,6.0,19.84,82.0,35.0,5.9,0.0,0.0,0.0,8.15,1.53,0.0,3.0,100.0
IN14,14.0,IN-BHNR,ARh,E,D1,0.0,20.0,89.0,3.0,8.0,C,1.5,10.0,1.1,100.0,9.0,7.6,20.0,1.0,0.2,1.1,0.48,0.0,3.0,100.0
IN6,6.0,IN-PHWLA,CMc,M,D1,0.0,20.0,50.0,32.0,18.0,M,1.4,11.0,10.32,100.0,52.0,9.15,30.0,1.0,0.93,2.67,0.64,0.0,33.0,100.0
IN7,7.0,IN-ZRFVN,SNh,P,D1,0.0,20.0,36.0,37.0,27.0,M,1.5,9.0,12.15,100.0,41.0,10.3,30.0,0.0,1.08,3.0,0.77,0.0,96.0,100.0
IN18,18.0,IN-SMR1,CMe,M,D1,0.0,20.0,60.0,25.0,15.0,M,1.38,14.0,7.0,93.0,43.0,6.6,3.0,1.0,0.38,1.5,1.06,0.0,2.0,100.0
IN5,5.0,IN-FTHPR,CMe,W,D1,0.0,20.0,82.0,12.0,6.0,C,1.5,3.0,3.75,100.0,56.0,7.8,20.0,0.0,0.77,1.17,0.62,0.0,3.0,100.0
IN5,5.0,IN-FTHPR,CMe,W,D1,0.0,20.0,82.0,12.0,6.0,C,1.5,3.0,3.75,100.0,56.0,7.8,20.0,0.0,0.77,1.17,0.62,0.0,3.0,100.0
IN14,14.0,IN-BHNR,ARh,E,D1,0.0,20.0,89.0,3.0,8.0,C,1.5,10.0,1.1,100.0,9.0,7.6,20.0,1.0,0.2,1.1,0.48,0.0,3.0,100.0
IN1,1.0,IN-MSTWLI,FLc,W,D1,0.0,20.0,70.0,16.0,14.0,C,1.57,5.0,3.78,100.0,23.0,8.0,20.0,0.0,0.47,1.5,0.29,0.0,4.0,100.0
IN14,14.0,IN-BHNR,ARh,E,D1,0.0,20.0,89.0,3.0,8.0,C,1.5,10.0,1.1,100.0,9.0,7.6,20.0,1.0,0.2,1.1,0.48,0.0,3.0,100.0
IN35,35.0,IN-KHWI,GLe,I,D1,0.0,20.0,55.0,22.0,23.0,M,1.4,17.0,7.72,68.0,18.0,5.05,0.0,0.0,0.0,10.2,0.8,7.0,9.0,100.0
IN18,18.0,IN-SMR1,CMe,M,D1,0.0,20.0,60.0,25.0,15.0,M,1.38,14.0,7.0,93.0,43.0,6.6,3.0,1.0,0.38,1.5,1.06,0.0,2.0,100.0
IN7,7.0,IN-ZRFVN,SNh,P,D1,0.0,20.0,36.0,37.0,27.0,M,1.5,9.0,12.15,100.0,41.0,10.3,30.0,0.0,1.08,3.0,0.77,0.0,96.0,100.0
IN2,2.0,IN-NHLKRA,CLh,I,D1,0.0,20.0,63.0,21.0,16.0,M,1.3,9.0,17.0,100.0,97.0,8.15,20.0,0.0,0.14,4.05,0.74,0.0,2.0,100.0
IN7,7.0,IN-ZRFVN,SNh,P,D1,0.0,20.0,36.0,37.0,27.0,M,1.5,9.0,12.15,100.0,41.0,10.3,30.0,0.0,1.08,3.0,0.77,0.0,96.0,100.0
IN16,16.0,IN-BSRM,CMe,P,D1,0.0,20.0,24.0,64.0,12.0,M,1.2,14.0,6.72,89.0,44.0,7.27,5.0,1.0,0.38,3.99,1.06,0.0,9.0,100.0
IN14,14.0,IN-BHNR,ARh,E,D1,0.0,20.0,89.0,3.0,8.0,C,1.5,10.0,1.1,100.0,9.0,7.6,20.0,1.0,0.2,1.1,0.48,0.0,3.0,100.0
IN27,27.0,IN-SSNG,FLe,I,D1,0.0,20.0,24.0,51.0,25.0,M,1.36,12.0,15.15,87.0,53.0,6.35,0.0,0.0,0.0,5.32,0.9,0.0,3.0,100.0
IN18,18.0,IN-SMR1,CMe,M,D1,0.0,20.0,60.0,25.0,15.0,M,1.38,14.0,7.0,93.0,43.0,6.6,3.0,1.0,0.38,1.5,1.06,0.0,2.0,100.0
IN4,4.0,IN-JDRM,CMe,S,D1,0.0,20.0,66.0,30.0,4.0,M,1.38,14.0,6.0,100.0,135.0,8.1,20.0,1.0,0.2,1.7,1.06,0.0,2.0,100.0
IN4,4.0,IN-JDRM,CMe,S,D1,0.0,20.0,66.0,30.0,4.0,M,1.38,14.0,6.0,100.0,135.0,8.1,20.0,1.0,0.2,1.7,1.06,0.0,2.0,100.0
IN7,7.0,IN-ZRFVN,SNh,P,D1,0.0,20.0,36.0,37.0,27.0,M,1.5,9.0,12.15,100.0,41.0,10.3,30.0,0.0,1.08,3.0,0.77,0.0,96.0,100.0
IN8,8.0,IN-GBDN,SNg,P,D1,0.0,20.0,36.0,42.0,22.0,M,1.48,9.0,10.72,100.0,46.0,9.95,30.0,0.0,4.92,1.85,0.82,0.0,77.0,100.0
IN24,24.0,IN-NYP,GLe,I,D1,0.0,20.0,19.0,52.0,29.0,M,1.4,17.0,8.9,87.0,25.0,7.2,9.3,0.75,1.73,5.0,0.8,0.0,2.0,100.0
IN25,25.0,IN-SRTU,GLe,P,D1,0.0,20.0,20.0,46.0,34.0,M,1.35,13.0,17.44,80.0,47.0,6.52,3.0,0.4,0.12,4.36,1.09,0.0,8.0,100.0
IN18,18.0,IN-SMR1,CMe,M,D1,0.0,20.0,60.0,25.0,15.0,M,1.38,14.0,7.0,93.0,43.0,6.6,3.0,1.0,0.38,1.5,1.06,0.0,2.0,100.0
IN24,24.0,IN-NYP,GLe,I,D1,0.0,20.0,19.0,52.0,29.0,M,1.4,17.0,8.9,87.0,25.0,7.2,9.3,0.75,1.73,5.0,0.8,0.0,2.0,100.0
IN4,4.0,IN-JDRM,CMe,S,D1,0.0,20.0,66.0,30.0,4.0,M,1.38,14.0,6.0,100.0,135.0,8.1,20.0,1.0,0.2,1.7,1.06,0.0,2.0,100.0
IN24,24.0,IN-NYP,GLe,I,D1,0.0,20.0,19.0,52.0,29.0,M,1.4,17.0,8.9,87.0,25.0,7.2,9.3,0.75,1.73,5.0,0.8,0.0,2.0,100.0
IN16,16.0,IN-BSRM,CMe,P,D1,0.0,20.0,24.0,64.0,12.0,M,1.2,14.0,6.72,89.0,44.0,7.27,5.0,1.0,0.38,3.99,1.06,0.0,9.0,100.0
IN4,4.0,IN-JDRM,CMe,S,D1,0.0,20.0,66.0,30.0,4.0,M,1.38,14.0,6.0,100.0,135.0,8.1,20.0,1.0,0.2,1.7,1.06,0.0,2.0,100.0
IN14,14.0,IN-BHNR,ARh,E,D1,0.0,20.0,89.0,3.0,8.0,C,1.5,10.0,1.1,100.0,9.0,7.6,20.0,1.0,0.2,1.1,0.48,0.0,3.0,100.0
IN1,1.0,IN-MSTWLI,FLc,W,D1,0.0,20.0,70.0,16.0,14.0,C,1.57,5.0,3.78,100.0,23.0,8.0,20.0,0.0,0.47,1.5,0.29,0.0,4.0,100.0
IN20,20.0,IN-BHRC,FLe,I,D1,0.0,20.0,62.0,26.0,12.0,M,1.35,12.0,9.65,100.0,74.0,9.05,30.0,1.0,0.16,2.05,0.74,0.0,6.0,100.0
IN6,6.0,IN-PHWLA,CMc,M,D1,0.0,20.0,50.0,32.0,18.0,M,1.4,11.0,10.32,100.0,52.0,9.15,30.0,1.0,0.93,2.67,0.64,0.0,33.0,100.0
IN14,14.0,IN-BHNR,ARh,E,D1,0.0,20.0,89.0,3.0,8.0,C,1.5,10.0,1.1,100.0,9.0,7.6,20.0,1.0,0.2,1.1,0.48,0.0,3.0,100.0
IN14,14.0,IN-BHNR,ARh,E,D1,0.0,20.0,89.0,3.0,8.0,C,1.5,10.0,1.1,100.0,9.0,7.6,20.0,1.0,0.2,1.1,0.48,0.0,3.0,100.0
IN6,6.0,IN-PHWLA,CMc,M,D1,0.0,20.0,50.0,32.0,18.0,M,1.4,11.0,10.32,100.0,52.0,9.15,30.0,1.0,0.93,2.67,0.64,0.0,33.0,100.0
IN4,4.0,IN-JDRM,CMe,S,D1,0.0,20.0,66.0,30.0,4.0,M,1.38,14.0,6.0,100.0,135.0,8.1,20.0,1.0,0.2,1.7,1.06,0.0,2.0,100.0
IN18,18.0,IN-SMR1,CMe,M,D1,0.0,20.0,60.0,25.0,15.0,M,1.38,14.0,7.0,93.0,43.0,6.6,3.0,1.0,0.38,1.5,1.06,0.0,2.0,100.0
IN3,3.0,IN-JSPW,ARc,E,D1,0.0,20.0,90.0,5.0,5.0,C,1.5,3.0,6.0,100.0,114.0,8.2,20.0,1.0,0.19,0.9,0.22,0.0,3.0,100.0
IN18,18.0,IN-SMR1,CMe,M,D1,0.0,20.0,60.0,25.0,15.0,M,1.38,14.0,7.0,93.0,43.0,6.6,3.0,1.0,0.38,1.5,1.06,0.0,2.0,100.0
IN6,6.0,IN-PHWLA,CMc,M,D1,0.0,20.0,50.0,32.0,18.0,M,1.4,11.0,10.32,100.0,52.0,9.15,30.0,1.0,0.93,2.67,0.64,0.0,33.0,100.0
IN16,16.0,IN-BSRM,CMe,P,D1,0.0,20.0,24.0,64.0,12.0,M,1.2,14.0,6.72,89.0,44.0,7.27,5.0,1.0,0.38,3.99,1.06,0.0,9.0,100.0
IN34,34.0,IN-SGVT,CMe,W,D1,0.0,20.0,42.0,40.0,18.0,M,1.38,14.0,14.88,93.0,73.0,5.77,0.0,0.0,0.0,5.01,1.06,0.0,2.0,100.0
IN7,7.0,IN-ZRFVN,SNh,P,D1,0.0,20.0,36.0,37.0,27.0,M,1.5,9.0,12.15,100.0,41.0,10.3,30.0,0.0,1.08,3.0,0.77,0.0,96.0,100.0
IN16,16.0,IN-BSRM,CMe,P,D1,0.0,20.0,24.0,64.0,12.0,M,1.2,14.0,6.72,89.0,44.0,7.27,5.0,1.0,0.38,3.99,1.06,0.0,9.0,100.0
IN29,29.0,IN-HNGR,GLe,I,D1,0.0,20.0,17.0,35.0,48.0,F,1.43,6.0,19.84,82.0,35.0,5.9,0.0,0.0,0.0,8.15,1.53,0.0,3.0,100.0
IN19,19.0,IN-AKBP,SNh,I,D1,0.0,20.0,40.0,38.0,22.0,M,1.54,9.0,12.0,100.0,48.0,9.3,30.0,1.0,0.3,4.3,0.77,0.0,11.0,100.0
IN16,16.0,IN-BSRM,CMe,P,D1,0.0,20.0,24.0,64.0,12.0,M,1.2,14.0,6.72,89.0,44.0,7.27,5.0,1.0,0.38,3.99,1.06,0.0,9.0,100.0
IN1,1.0,IN-MSTWLI,FLc,W,D1,0.0,20.0,70.0,16.0,14.0,C,1.57,5.0,3.78,100.0,23.0,8.0,20.0,0.0,0.47,1.5,0.29,0.0,4.0,100.0
IN6,6.0,IN-PHWLA,CMc,M,D1,0.0,20.0,50.0,32.0,18.0,M,1.4,11.0,10.32,100.0,52.0,9.15,30.0,1.0,0.93,2.67,0.64,0.0,33.0,100.0
IN6,6.0,IN-PHWLA,CMc,M,D1,0.0,20.0,50.0,32.0,18.0,M,1.4,11.0,10.32,100.0,52.0,9.15,30.0,1.0,0.93,2.67,0.64,0.0,33.0,100.0
IN19,19.0,IN-AKBP,SNh,I,D1,0.0,20.0,40.0,38.0,22.0,M,1.54,9.0,12.0,100.0,48.0,9.3,30.0,1.0,0.3,4.3,0.77,0.0,11.0,100.0
IN25,25.0,IN-SRTU,GLe,P,D1,0.0,20.0,20.0,46.0,34.0,M,1.35,13.0,17.44,80.0,47.0,6.52,3.0,0.4,0.12,4.36,1.09,0.0,8.0,100.0
IN18,18.0,IN-SMR1,CMe,M,D1,0.0,20.0,60.0,25.0,15.0,M,1.38,14.0,7.0,93.0,43.0,6.6,3.0,1.0,0.38,1.5,1.06,0.0,2.0,100.0
IN6,6.0,IN-PHWLA,CMc,M,D1,0.0,20.0,50.0,32.0,18.0,M,1.4,11.0,10.32,100.0,52.0,9.15,30.0,1.0,0.93,2.67,0.64,0.0,33.0,100.0
IN25,25.0,IN-SRTU,GLe,P,D1,0.0,20.0,20.0,46.0,34.0,M,1.35,13.0,17.44,80.0,47.0,6.52,3.0,0.4,0.12,4.36,1.09,0.0,8.0,100.0
IN25,25.0,IN-SRTU,GLe,P,D1,0.0,20.0,20.0,46.0,34.0,M,1.35,13.0,17.44,80.0,47.0,6.52,3.0,0.4,0.12,4.36,1.09,0.0,8.0,100.0
IN18,18.0,IN-SMR1,CMe,M,D1,0.0,20.0,60.0,25.0,15.0,M,1.38,14.0,7.0,93.0,43.0,6.6,3.0,1.0,0.38,1.5,1.06,0.0,2.0,100.0
IN10,10.0,IN-HRPR,SCn,P,D1,0.0,20.0,61.0,20.0,19.0,M,1.54,10.0,8.3,100.0,39.0,10.35,30.0,30.5,26.3,2.5,0.51,0.0,94.0,100.0
IN18,18.0,IN-SMR1,CMe,M,D1,0.0,20.0,60.0,25.0,15.0,M,1.38,14.0,7.0,93.0,43.0,6.6,3.0,1.0,0.38,1.5,1.06,0.0,2.0,100.0
IN18,18.0,IN-SMR1,CMe,M,D1,0.0,20.0,60.0,25.0,15.0,M,1.38,14.0,7.0,93.0,43.0,6.6,3.0,1.0,0.38,1.5,1.06,0.0,2.0,100.0
IN18,18.0,IN-SMR1,CMe,M,D1,0.0,20.0,60.0,25.0,15.0,M,1.38,14.0,7.0,93.0,43.0,6.6,3.0,1.0,0.38,1.5,1.06,0.0,2.0,100.0
IN24,24.0,IN-NYP,GLe,I,D1,0.0,20.0,19.0,52.0,29.0,M,1.4,17.0,8.9,87.0,25.0,7.2,9.3,0.75,1.73,5.0,0.8,0.0,2.0,100.0
IN18,18.0,IN-SMR1,CMe,M,D1,0.0,20.0,60.0,25.0,15.0,M,1.38,14.0,7.0,93.0,43.0,6.6,3.0,1.0,0.38,1.5,1.06,0.0,2.0,100.0
IN20,20.0,IN-BHRC,FLe,I,D1,0.0,20.0,62.0,26.0,12.0,M,1.35,12.0,9.65,100.0,74.0,9.05,30.0,1.0,0.16,2.05,0.74,0.0,6.0,100.0
IN16,16.0,IN-BSRM,CMe,P,D1,0.0,20.0,24.0,64.0,12.0,M,1.2,14.0,6.72,89.0,44.0,7.27,5.0,1.0,0.38,3.99,1.06,0.0,9.0,100.0
IN18,18.0,IN-SMR1,CMe,M,D1,0.0,20.0,60.0,25.0,15.0,M,1.38,14.0,7.0,93.0,43.0,6.6,3.0,1.0,0.38,1.5,1.06,0.0,2.0,100.0
IN24,24.0,IN-NYP,GLe,I,D1,0.0,20.0,19.0,52.0,29.0,M,1.4,17.0,8.9,87.0,25.0,7.2,9.3,0.75,1.73,5.0,0.8,0.0,2.0,100.0
IN6,6.0,IN-PHWLA,CMc,M,D1,0.0,20.0,50.0,32.0,18.0,M,1.4,11.0,10.32,100.0,52.0,9.15,30.0,1.0,0.93,2.67,0.64,0.0,33.0,100.0
IN6,6.0,IN-PHWLA,CMc,M,D1,0.0,20.0,50.0,32.0,18.0,M,1.4,11.0,10.32,100.0,52.0,9.15,30.0,1.0,0.93,2.67,0.64,0.0,33.0,100.0
IN24,24.0,IN-NYP,GLe,I,D1,0.0,20.0,19.0,52.0,29.0,M,1.4,17.0,8.9,87.0,25.0,7.2,9.3,0.75,1.73,5.0,0.8,0.0,2.0,100.0
IN18,18.0,IN-SMR1,CMe,M,D1,0.0,20.0,60.0,25.0,15.0,M,1.38,14.0,7.0,93.0,43.0,6.6,3.0,1.0,0.38,1.5,1.06,0.0,2.0,100.0
IN7,7.0,IN-ZRFVN,SNh,P,D1,0.0,20.0,36.0,37.0,27.0,M,1.5,9.0,12.15,100.0,41.0,10.3,30.0,0.0,1.08,3.0,0.77,0.0,96.0,100.0
IN25,25.0,IN-SRTU,GLe,P,D1,0.0,20.0,20.0,46.0,34.0,M,1.35,13.0,17.44,80.0,47.0,6.52,3.0,0.4,0.12,4.36,1.09,0.0,8.0,100.0
IN10,10.0,IN-HRPR,SCn,P,D1,0.0,20.0,61.0,20.0,19.0,M,1.54,10.0,8.3,100.0,39.0,10.35,30.0,30.5,26.3,2.5,0.51,0.0,94.0,100.0
IN18,18.0,IN-SMR1,CMe,M,D1,0.0,20.0,60.0,25.0,15.0,M,1.38,14.0,7.0,93.0,43.0,6.6,3.0,1.0,0.38,1.5,1.06,0.0,2.0,100.0
IN18,18.0,IN-SMR1,CMe,M,D1,0.0,20.0,60.0,25.0,15.0,M,1.38,14.0,7.0,93.0,43.0,6.6,3.0,1.0,0.38,1.5,1.06,0.0,2.0,100.0
IN18,18.0,IN-SMR1,CMe,M,D1,0.0,20.0,60.0,25.0,15.0,M,1.38,14.0,7.0,93.0,43.0,6.6,3.0,1.0,0.38,1.5,1.06,0.0,2.0,100.0
IN13,13.0,IN-JGJT,CMe,I,D1,0.0,20.0,49.0,29.0,22.0,M,1.38,14.0,10.5,100.0,42.0,9.5,30.0,1.0,0.15,3.67,1.06,0.0,14.0,100.0
IN25,25.0,IN-SRTU,GLe,P,D1,0.0,20.0,20.0,46.0,34.0,M,1.35,13.0,17.44,80.0,47.0,6.52,3.0,0.4,0.12,4.36,1.09,0.0,8.0,100.0
IN18,18.0,IN-SMR1,CMe,M,D1,0.0,20.0,60.0,25.0,15.0,M,1.38,14.0,7.0,93.0,43.0,6.6,3.0,1.0,0.38,1.5,1.06,0.0,2.0,100.0
IN13,13.0,IN-JGJT,CMe,I,D1,0.0,20.0,49.0,29.0,22.0,M,1.38,14.0,10.5,100.0,42.0,9.5,30.0,1.0,0.15,3.67,1.06,0.0,14.0,100.0
IN13,13.0,IN-JGJT,CMe,I,D1,0.0,20.0,49.0,29.0,22.0,M,1.38,14.0,10.5,100.0,42.0,9.5,30.0,1.0,0.15,3.67,1.06,0.0,14.0,100.0
IN1,1.0,IN-MSTWLI,FLc,W,D1,0.0,20.0,70.0,16.0,14.0,C,1.57,5.0,3.78,100.0,23.0,8.0,20.0,0.0,0.47,1.5,0.29,0.0,4.0,100.0
IN25,25.0,IN-SRTU,GLe,P,D1,0.0,20.0,20.0,46.0,34.0,M,1.35,13.0,17.44,80.0,47.0,6.52,3.0,0.4,0.12,4.36,1.09,0.0,8.0,100.0
IN16,16.0,IN-BSRM,CMe,P,D1,0.0,20.0,24.0,64.0,12.0,M,1.2,14.0,6.72,89.0,44.0,7.27,5.0,1.0,0.38,3.99,1.06,0.0,9.0,100.0
IN25,25.0,IN-SRTU,GLe,P,D1,0.0,20.0,20.0,46.0,34.0,M,1.35,13.0,17.44,80.0,47.0,6.52,3.0,0.4,0.12,4.36,1.09,0.0,8.0,100.0
IN25,25.0,IN-SRTU,GLe,P,D1,0.0,20.0,20.0,46.0,34.0,M,1.35,13.0,17.44,80.0,47.0,6.52,3.0,0.4,0.12,4.36,1.09,0.0,8.0,100.0
IN6,6.0,IN-PHWLA,CMc,M,D1,0.0,20.0,50.0,32.0,18.0,M,1.4,11.0,10.32,100.0,52.0,9.15,30.0,1.0,0.93,2.67,0.64,0.0,33.0,100.0
IN6,6.0,IN-PHWLA,CMc,M,D1,0.0,20.0,50.0,32.0,18.0,M,1.4,11.0,10.32,100.0,52.0,9.15,30.0,1.0,0.93,2.67,0.64,0.0,33.0,100.0
IN10,10.0,IN-HRPR,SCn,P,D1,0.0,20.0,61.0,20.0,19.0,M,1.54,10.0,8.3,100.0,39.0,10.35,30.0,30.5,26.3,2.5,0.51,0.0,94.0,100.0
IN25,25.0,IN-SRTU,GLe,P,D1,0.0,20.0,20.0,46.0,34.0,M,1.35,13.0,17.44,80.0,47.0,6.52,3.0,0.4,0.12,4.36,1.09,0.0,8.0,100.0
IN2,2.0,IN-NHLKRA,CLh,I,D1,0.0,20.0,63.0,21.0,16.0,M,1.3,9.0,17.0,100.0,97.0,8.15,20.0,0.0,0.14,4.05,0.74,0.0,2.0,100.0
IN10,10.0,IN-HRPR,SCn,P,D1,0.0,20.0,61.0,20.0,19.0,M,1.54,10.0,8.3,100.0,39.0,10.35,30.0,30.5,26.3,2.5,0.51,0.0,94.0,100.0
IN34,34.0,IN-SGVT,CMe,W,D1,0.0,20.0,42.0,40.0,18.0,M,1.38,14.0,14.88,93.0,73.0,5.77,0.0,0.0,0.0,5.01,1.06,0.0,2.0,100.0
IN3,3.0,IN-JSPW,ARc,E,D1,0.0,20.0,90.0,5.0,5.0,C,1.5,3.0,6.0,100.0,114.0,8.2,20.0,1.0,0.19,0.9,0.22,0.0,3.0,100.0
IN26,26.0,IN-SMR,GLe,P,D1,0.0,20.0,18.0,36.0,46.0,F,1.28,6.0,19.41,80.0,37.0,7.11,5.0,1.0,0.49,6.87,1.53,0.0,6.0,100.0
IN26,26.0,IN-SMR,GLe,P,D1,0.0,20.0,18.0,36.0,46.0,F,1.28,6.0,19.41,80.0,37.0,7.11,5.0,1.0,0.49,6.87,1.53,0.0,6.0,100.0
IN12,12.0,IN-DHD,CMe,I,D1,0.0,20.0,14.0,63.0,23.0,Z,1.5,21.0,9.8,100.0,37.0,8.65,30.0,1.0,0.38,3.83,1.19,0.0,4.0,100.0
IN27,27.0,IN-SSNG,FLe,I,D1,0.0,20.0,24.0,51.0,25.0,M,1.36,12.0,15.15,87.0,53.0,6.35,0.0,0.0,0.0,5.32,0.9,0.0,3.0,100.0
IN6,6.0,IN-PHWLA,CMc,M,D1,0.0,20.0,50.0,32.0,18.0,M,1.4,11.0,10.32,100.0,52.0,9.15,30.0,1.0,0.93,2.67,0.64,0.0,33.0,100.0
IN34,34.0,IN-SGVT,CMe,W,D1,0.0,20.0,42.0,40.0,18.0,M,1.38,14.0,14.88,93.0,73.0,5.77,0.0,0.0,0.0,5.01,1.06,0.0,2.0,100.0
IN25,25.0,IN-SRTU,GLe,P,D1,0.0,20.0,20.0,46.0,34.0,M,1.35,13.0,17.44,80.0,47.0,6.52,3.0,0.4,0.12,4.36,1.09,0.0,8.0,100.0
IN26,26.0,IN-SMR,GLe,P,D1,0.0,20.0,18.0,36.0,46.0,F,1.28,6.0,19.41,80.0,37.0,7.11,5.0,1.0,0.49,6.87,1.53,0.0,6.0,100.0
IN28,28.0,IN-KNPR,GLe,W,D1,0.0,20.0,49.0,22.0,29.0,M,1.4,17.0,14.8,45.0,46.0,4.68,0.0,0.0,0.0,4.07,0.8,15.0,6.0,100.0
IN36,36.0,IN-NYNP,GLe,P,D1,0.0,20.0,2.0,31.0,67.0,V,1.09,16.0,20.75,45.0,19.0,4.85,0.0,0.0,0.0,22.85,1.15,21.0,3.0,100.0
IN25,25.0,IN-SRTU,GLe,P,D1,0.0,20.0,20.0,46.0,34.0,M,1.35,13.0,17.44,80.0,47.0,6.52,3.0,0.4,0.12,4.36,1.09,0.0,8.0,100.0
IN34,34.0,IN-SGVT,CMe,W,D1,0.0,20.0,42.0,40.0,18.0,M,1.38,14.0,14.88,93.0,73.0,5.77,0.0,0.0,0.0,5.01,1.06,0.0,2.0,100.0
IN13,13.0,IN-JGJT,CMe,I,D1,0.0,20.0,49.0,29.0,22.0,M,1.38,14.0,10.5,100.0,42.0,9.5,30.0,1.0,0.15,3.67,1.06,0.0,14.0,100.0
IN25,25.0,IN-SRTU,GLe,P,D1,0.0,20.0,20.0,46.0,34.0,M,1.35,13.0,17.44,80.0,47.0,6.52,3.0,0.4,0.12,4.36,1.09,0.0,8.0,100.0
IN26,26.0,IN-SMR,GLe,P,D1,0.0,20.0,18.0,36.0,46.0,F,1.28,6.0,19.41,80.0,37.0,7.11,5.0,1.0,0.49,6.87,1.53,0.0,6.0,100.0
IN26,26.0,IN-SMR,GLe,P,D1,0.0,20.0,18.0,36.0,46.0,F,1.28,6.0,19.41,80.0,37.0,7.11,5.0,1.0,0.49,6.87,1.53,0.0,6.0,100.0
IN28,28.0,IN-KNPR,GLe,W,D1,0.0,20.0,49.0,22.0,29.0,M,1.4,17.0,14.8,45.0,46.0,4.68,0.0,0.0,0.0,4.07,0.8,15.0,6.0,100.0
IN26,26.0,IN-SMR,GLe,P,D1,0.0,20.0,18.0,36.0,46.0,F,1.28,6.0,19.41,80.0,37.0,7.11,5.0,1.0,0.49,6.87,1.53,0.0,6.0,100.0
IN26,26.0,IN-SMR,GLe,P,D1,0.0,20.0,18.0,36.0,46.0,F,1.28,6.0,19.41,80.0,37.0,7.11,5.0,1.0,0.49,6.87,1.53,0.0,6.0,100.0
IN7,7.0,IN-ZRFVN,SNh,P,D1,0.0,20.0,36.0,37.0,27.0,M,1.5,9.0,12.15,100.0,41.0,10.3,30.0,0.0,1.08,3.0,0.77,0.0,96.0,100.0
IN34,34.0,IN-SGVT,CMe,W,D1,0.0,20.0,42.0,40.0,18.0,M,1.38,14.0,14.88,93.0,73.0,5.77,0.0,0.0,0.0,5.01,1.06,0.0,2.0,100.0
IN25,25.0,IN-SRTU,GLe,P,D1,0.0,20.0,20.0,46.0,34.0,M,1.35,13.0,17.44,80.0,47.0,6.52,3.0,0.4,0.12,4.36,1.09,0.0,8.0,100.0
IN25,25.0,IN-SRTU,GLe,P,D1,0.0,20.0,20.0,46.0,34.0,M,1.35,13.0,17.44,80.0,47.0,6.52,3.0,0.4,0.12,4.36,1.09,0.0,8.0,100.0
IN25,25.0,IN-SRTU,GLe,P,D1,0.0,20.0,20.0,46.0,34.0,M,1.35,13.0,17.44,80.0,47.0,6.52,3.0,0.4,0.12,4.36,1.09,0.0,8.0,100.0
IN8,8.0,IN-GBDN,SNg,P,D1,0.0,20.0,36.0,42.0,22.0,M,1.48,9.0,10.72,100.0,46.0,9.95,30.0,0.0,4.92,1.85,0.82,0.0,77.0,100.0
IN1,1.0,IN-MSTWLI,FLc,W,D1,0.0,20.0,70.0,16.0,14.0,C,1.57,5.0,3.78,100.0,23.0,8.0,20.0,0.0,0.47,1.5,0.29,0.0,4.0,100.0
IN26,26.0,IN-SMR,GLe,P,D1,0.0,20.0,18.0,36.0,46.0,F,1.28,6.0,19.41,80.0,37.0,7.11,5.0,1.0,0.49,6.87,1.53,0.0,6.0,100.0
IN20,20.0,IN-BHRC,FLe,I,D1,0.0,20.0,62.0,26.0,12.0,M,1.35,12.0,9.65,100.0,74.0,9.05,30.0,1.0,0.16,2.05,0.74,0.0,6.0,100.0
IN13,13.0,IN-JGJT,CMe,I,D1,0.0,20.0,49.0,29.0,22.0,M,1.38,14.0,10.5,100.0,42.0,9.5,30.0,1.0,0.15,3.67,1.06,0.0,14.0,100.0
IN7,7.0,IN-ZRFVN,SNh,P,D1,0.0,20.0,36.0,37.0,27.0,M,1.5,9.0,12.15,100.0,41.0,10.3,30.0,0.0,1.08,3.0,0.77,0.0,96.0,100.0
IN7,7.0,IN-ZRFVN,SNh,P,D1,0.0,20.0,36.0,37.0,27.0,M,1.5,9.0,12.15,100.0,41.0,10.3,30.0,0.0,1.08,3.0,0.77,0.0,96.0,100.0
IN10,10.0,IN-HRPR,SCn,P,D1,0.0,20.0,61.0,20.0,19.0,M,1.54,10.0,8.3,100.0,39.0,10.35,30.0,30.5,26.3,2.5,0.51,0.0,94.0,100.0
IN13,13.0,IN-JGJT,CMe,I,D1,0.0,20.0,49.0,29.0,22.0,M,1.38,14.0,10.5,100.0,42.0,9.5,30.0,1.0,0.15,3.67,1.06,0.0,14.0,100.0
IN24,24.0,IN-NYP,GLe,I,D1,0.0,20.0,19.0,52.0,29.0,M,1.4,17.0,8.9,87.0,25.0,7.2,9.3,0.75,1.73,5.0,0.8,0.0,2.0,100.0
IN7,7.0,IN-ZRFVN,SNh,P,D1,0.0,20.0,36.0,37.0,27.0,M,1.5,9.0,12.15,100.0,41.0,10.3,30.0,0.0,1.08,3.0,0.77,0.0,96.0,100.0
IN9,9.0,IN-BJPR,CMe,W,D1,0.0,20.0,29.0,59.0,12.0,M,1.38,14.0,5.97,99.0,45.0,6.82,3.0,1.0,0.1,1.7,1.06,0.0,5.0,100.0
IN26,26.0,IN-SMR,GLe,P,D1,0.0,20.0,18.0,36.0,46.0,F,1.28,6.0,19.41,80.0,37.0,7.11,5.0,1.0,0.49,6.87,1.53,0.0,6.0,100.0
IN26,26.0,IN-SMR,GLe,P,D1,0.0,20.0,18.0,36.0,46.0,F,1.28,6.0,19.41,80.0,37.0,7.11,5.0,1.0,0.49,6.87,1.53,0.0,6.0,100.0
IN25,25.0,IN-SRTU,GLe,P,D1,0.0,20.0,20.0,46.0,34.0,M,1.35,13.0,17.44,80.0,47.0,6.52,3.0,0.4,0.12,4.36,1.09,0.0,8.0,100.0
IN7,7.0,IN-ZRFVN,SNh,P,D1,0.0,20.0,36.0,37.0,27.0,M,1.5,9.0,12.15,100.0,41.0,10.3,30.0,0.0,1.08,3.0,0.77,0.0,96.0,100.0
IN18,18.0,IN-SMR1,CMe,M,D1,0.0,20.0,60.0,25.0,15.0,M,1.38,14.0,7.0,93.0,43.0,6.6,3.0,1.0,0.38,1.5,1.06,0.0,2.0,100.0
IN13,13.0,IN-JGJT,CMe,I,D1,0.0,20.0,49.0,29.0,22.0,M,1.38,14.0,10.5,100.0,42.0,9.5,30.0,1.0,0.15,3.67,1.06,0.0,14.0,100.0
IN16,16.0,IN-BSRM,CMe,P,D1,0.0,20.0,24.0,64.0,12.0,M,1.2,14.0,6.72,89.0,44.0,7.27,5.0,1.0,0.38,3.99,1.06,0.0,9.0,100.0
IN31,31.0,IN-MDHP,LVg,I,D1,0.0,20.0,25.0,44.0,31.0,M,1.48,14.0,14.09,80.0,41.0,6.55,3.0,0.3,0.06,3.96,1.1,0.0,2.0,100.0
IN7,7.0,IN-ZRFVN,SNh,P,D1,0.0,20.0,36.0,37.0,27.0,M,1.5,9.0,12.15,100.0,41.0,10.3,30.0,0.0,1.08,3.0,0.77,0.0,96.0,100.0
IN10,10.0,IN-HRPR,SCn,P,D1,0.0,20.0,61.0,20.0,19.0,M,1.54,10.0,8.3,100.0,39.0,10.35,30.0,30.5,26.3,2.5,0.51,0.0,94.0,100.0
IN1,1.0,IN-MSTWLI,FLc,W,D1,0.0,20.0,70.0,16.0,14.0,C,1.57,5.0,3.78,100.0,23.0,8.0,20.0,0.0,0.47,1.5,0.29,0.0,4.0,100.0
IN8,8.0,IN-GBDN,SNg,P,D1,0.0,20.0,36.0,42.0,22.0,M,1.48,9.0,10.72,100.0,46.0,9.95,30.0,0.0,4.92,1.85,0.82,0.0,77.0,100.0
IN25,25.0,IN-SRTU,GLe,P,D1,0.0,20.0,20.0,46.0,34.0,M,1.35,13.0,17.44,80.0,47.0,6.52,3.0,0.4,0.12,4.36,1.09,0.0,8.0,100.0
IN18,18.0,IN-SMR1,CMe,M,D1,0.0,20.0,60.0,25.0,15.0,M,1.38,14.0,7.0,93.0,43.0,6.6,3.0,1.0,0.38,1.5,1.06,0.0,2.0,100.0
IN12,12.0,IN-DHD,CMe,I,D1,0.0,20.0,14.0,63.0,23.0,Z,1.5,21.0,9.8,100.0,37.0,8.65,30.0,1.0,0.38,3.83,1.19,0.0,4.0,100.0
IN10,10.0,IN-HRPR,SCn,P,D1,0.0,20.0,61.0,20.0,19.0,M,1.54,10.0,8.3,100.0,39.0,10.35,30.0,30.5,26.3,2.5,0.51,0.0,94.0,100.0
IN25,25.0,IN-SRTU,GLe,P,D1,0.0,20.0,20.0,46.0,34.0,M,1.35,13.0,17.44,80.0,47.0,6.52,3.0,0.4,0.12,4.36,1.09,0.0,8.0,100.0
IN13,13.0,IN-JGJT,CMe,I,D1,0.0,20.0,49.0,29.0,22.0,M,1.38,14.0,10.5,100.0,42.0,9.5,30.0,1.0,0.15,3.67,1.06,0.0,14.0,100.0
IN1,1.0,IN-MSTWLI,FLc,W,D1,0.0,20.0,70.0,16.0,14.0,C,1.57,5.0,3.78,100.0,23.0,8.0,20.0,0.0,0.47,1.5,0.29,0.0,4.0,100.0
IN7,7.0,IN-ZRFVN,SNh,P,D1,0.0,20.0,36.0,37.0,27.0,M,1.5,9.0,12.15,100.0,41.0,10.3,30.0,0.0,1.08,3.0,0.77,0.0,96.0,100.0
IN25,25.0,IN-SRTU,GLe,P,D1,0.0,20.0,20.0,46.0,34.0,M,1.35,13.0,17.44,80.0,47.0,6.52,3.0,0.4,0.12,4.36,1.09,0.0,8.0,100.0
IN1,1.0,IN-MSTWLI,FLc,W,D1,0.0,20.0,70.0,16.0,14.0,C,1.57,5.0,3.78,100.0,23.0,8.0,20.0,0.0,0.47,1.5,0.29,0.0,4.0,100.0
IN16,16.0,IN-BSRM,CMe,P,D1,0.0,20.0,24.0,64.0,12.0,M,1.2,14.0,6.72,89.0,44.0,7.27,5.0,1.0,0.38,3.99,1.06,0.0,9.0,100.0
IN25,25.0,IN-SRTU,GLe,P,D1,0.0,20.0,20.0,46.0,34.0,M,1.35,13.0,17.44,80.0,47.0,6.52,3.0,0.4,0.12,4.36,1.09,0.0,8.0,100.0
IN17,17.0,IN-ITW,LVg,P,D1,0.0,20.0,11.0,62.0,27.0,Z,1.44,15.0,12.86,91.0,44.0,6.6,3.0,1.0,0.35,2.94,1.76,0.0,9.0,100.0
IN28,28.0,IN-KNPR,GLe,W,D1,0.0,20.0,49.0,22.0,29.0,M,1.4,17.0,14.8,45.0,46.0,4.68,0.0,0.0,0.0,4.07,0.8,15.0,6.0,100.0
IN18,18.0,IN-SMR1,CMe,M,D1,0.0,20.0,60.0,25.0,15.0,M,1.38,14.0,7.0,93.0,43.0,6.6,3.0,1.0,0.38,1.5,1.06,0.0,2.0,100.0
IN25,25.0,IN-SRTU,GLe,P,D1,0.0,20.0,20.0,46.0,34.0,M,1.35,13.0,17.44,80.0,47.0,6.52,3.0,0.4,0.12,4.36,1.09,0.0,8.0,100.0
IN25,25.0,IN-SRTU,GLe,P,D1,0.0,20.0,20.0,46.0,34.0,M,1.35,13.0,17.44,80.0,47.0,6.52,3.0,0.4,0.12,4.36,1.09,0.0,8.0,100.0
IN6,6.0,IN-PHWLA,CMc,M,D1,0.0,20.0,50.0,32.0,18.0,M,1.4,11.0,10.32,100.0,52.0,9.15,30.0,1.0,0.93,2.67,0.64,0.0,33.0,100.0
IN18,18.0,IN-SMR1,CMe,M,D1,0.0,20.0,60.0,25.0,15.0,M,1.38,14.0,7.0,93.0,43.0,6.6,3.0,1.0,0.38,1.5,1.06,0.0,2.0,100.0
IN25,25.0,IN-SRTU,GLe,P,D1,0.0,20.0,20.0,46.0,34.0,M,1.35,13.0,17.44,80.0,47.0,6.52,3.0,0.4,0.12,4.36,1.09,0.0,8.0,100.0
IN6,6.0,IN-PHWLA,CMc,M,D1,0.0,20.0,50.0,32.0,18.0,M,1.4,11.0,10.32,100.0,52.0,9.15,30.0,1.0,0.93,2.67,0.64,0.0,33.0,100.0
IN7,7.0,IN-ZRFVN,SNh,P,D1,0.0,20.0,36.0,37.0,27.0,M,1.5,9.0,12.15,100.0,41.0,10.3,30.0,0.0,1.08,3.0,0.77,0.0,96.0,100.0
IN6,6.0,IN-PHWLA,CMc,M,D1,0.0,20.0,50.0,32.0,18.0,M,1.4,11.0,10.32,100.0,52.0,9.15,30.0,1.0,0.93,2.67,0.64,0.0,33.0,100.0
IN13,13.0,IN-JGJT,CMe,I,D1,0.0,20.0,49.0,29.0,22.0,M,1.38,14.0,10.5,100.0,42.0,9.5,30.0,1.0,0.15,3.67,1.06,0.0,14.0,100.0
IN1,1.0,IN-MSTWLI,FLc,W,D1,0.0,20.0,70.0,16.0,14.0,C,1.57,5.0,3.78,100.0,23.0,8.0,20.0,0.0,0.47,1.5,0.29,0.0,4.0,100.0
IN17,17.0,IN-ITW,LVg,P,D1,0.0,20.0,11.0,62.0,27.0,Z,1.44,15.0,12.86,91.0,44.0,6.6,3.0,1.0,0.35,2.94,1.76,0.0,9.0,100.0
IN13,13.0,IN-JGJT,CMe,I,D1,0.0,20.0,49.0,29.0,22.0,M,1.38,14.0,10.5,100.0,42.0,9.5,30.0,1.0,0.15,3.67,1.06,0.0,14.0,100.0
IN10,10.0,IN-HRPR,SCn,P,D1,0.0,20.0,61.0,20.0,19.0,M,1.54,10.0,8.3,100.0,39.0,10.35,30.0,30.5,26.3,2.5,0.51,0.0,94.0,100.0
IN13,13.0,IN-JGJT,CMe,I,D1,0.0,20.0,49.0,29.0,22.0,M,1.38,14.0,10.5,100.0,42.0,9.5,30.0,1.0,0.15,3.67,1.06,0.0,14.0,100.0
IN24,24.0,IN-NYP,GLe,I,D1,0.0,20.0,19.0,52.0,29.0,M,1.4,17.0,8.9,87.0,25.0,7.2,9.3,0.75,1.73,5.0,0.8,0.0,2.0,100.0
IN25,25.0,IN-SRTU,GLe,P,D1,0.0,20.0,20.0,46.0,34.0,M,1.35,13.0,17.44,80.0,47.0,6.52,3.0,0.4,0.12,4.36,1.09,0.0,8.0,100.0
IN10,10.0,IN-HRPR,SCn,P,D1,0.0,20.0,61.0,20.0,19.0,M,1.54,10.0,8.3,100.0,39.0,10.35,30.0,30.5,26.3,2.5,0.51,0.0,94.0,100.0
IN14,14.0,IN-BHNR,ARh,E,D1,0.0,20.0,89.0,3.0,8.0,C,1.5,10.0,1.1,100.0,9.0,7.6,20.0,1.0,0.2,1.1,0.48,0.0,3.0,100.0
IN18,18.0,IN-SMR1,CMe,M,D1,0.0,20.0,60.0,25.0,15.0,M,1.38,14.0,7.0,93.0,43.0,6.6,3.0,1.0,0.38,1.5,1.06,0.0,2.0,100.0
IN12,12.0,IN-DHD,CMe,I,D1,0.0,20.0,14.0,63.0,23.0,Z,1.5,21.0,9.8,100.0,37.0,8.65,30.0,1.0,0.38,3.83,1.19,0.0,4.0,100.0
IN9,9.0,IN-BJPR,CMe,W,D1,0.0,20.0,29.0,59.0,12.0,M,1.38,14.0,5.97,99.0,45.0,6.82,3.0,1.0,0.1,1.7,1.06,0.0,5.0,100.0
IN25,25.0,IN-SRTU,GLe,P,D1,0.0,20.0,20.0,46.0,34.0,M,1.35,13.0,17.44,80.0,47.0,6.52,3.0,0.4,0.12,4.36,1.09,0.0,8.0,100.0
IN26,26.0,IN-SMR,GLe,P,D1,0.0,20.0,18.0,36.0,46.0,F,1.28,6.0,19.41,80.0,37.0,7.11,5.0,1.0,0.49,6.87,1.53,0.0,6.0,100.0
IN13,13.0,IN-JGJT,CMe,I,D1,0.0,20.0,49.0,29.0,22.0,M,1.38,14.0,10.5,100.0,42.0,9.5,30.0,1.0,0.15,3.67,1.06,0.0,14.0,100.0
IN20,20.0,IN-BHRC,FLe,I,D1,0.0,20.0,62.0,26.0,12.0,M,1.35,12.0,9.65,100.0,74.0,9.05,30.0,1.0,0.16,2.05,0.74,0.0,6.0,100.0
IN25,25.0,IN-SRTU,GLe,P,D1,0.0,20.0,20.0,46.0,34.0,M,1.35,13.0,17.44,80.0,47.0,6.52,3.0,0.4,0.12,4.36,1.09,0.0,8.0,100.0
IN7,7.0,IN-ZRFVN,SNh,P,D1,0.0,20.0,36.0,37.0,27.0,M,1.5,9.0,12.15,100.0,41.0,10.3,30.0,0.0,1.08,3.0,0.77,0.0,96.0,100.0
IN18,18.0,IN-SMR1,CMe,M,D1,0.0,20.0,60.0,25.0,15.0,M,1.38,14.0,7.0,93.0,43.0,6.6,3.0,1.0,0.38,1.5,1.06,0.0,2.0,100.0
IN15,15.0,IN-BRPR,CMe,M,D1,0.0,20.0,25.0,48.0,27.0,M,1.38,14.0,14.88,100.0,51.0,8.32,30.0,1.0,0.2,3.1,1.06,0.0,2.0,100.0
IN26,26.0,IN-SMR,GLe,P,D1,0.0,20.0,18.0,36.0,46.0,F,1.28,6.0,19.41,80.0,37.0,7.11,5.0,1.0,0.49,6.87,1.53,0.0,6.0,100.0
IN6,6.0,IN-PHWLA,CMc,M,D1,0.0,20.0,50.0,32.0,18.0,M,1.4,11.0,10.32,100.0,52.0,9.15,30.0,1.0,0.93,2.67,0.64,0.0,33.0,100.0
IN12,12.0,IN-DHD,CMe,I,D1,0.0,20.0,14.0,63.0,23.0,Z,1.5,21.0,9.8,100.0,37.0,8.65,30.0,1.0,0.38,3.83,1.19,0.0,4.0,100.0
IN18,18.0,IN-SMR1,CMe,M,D1,0.0,20.0,60.0,25.0,15.0,M,1.38,14.0,7.0,93.0,43.0,6.6,3.0,1.0,0.38,1.5,1.06,0.0,2.0,100.0
IN25,25.0,IN-SRTU,GLe,P,D1,0.0,20.0,20.0,46.0,34.0,M,1.35,13.0,17.44,80.0,47.0,6.52,3.0,0.4,0.12,4.36,1.09,0.0,8.0,100.0
IN20,20.0,IN-BHRC,FLe,I,D1,0.0,20.0,62.0,26.0,12.0,M,1.35,12.0,9.65,100.0,74.0,9.05,30.0,1.0,0.16,2.05,0.74,0.0,6.0,100.0
IN25,25.0,IN-SRTU,GLe,P,D1,0.0,20.0,20.0,46.0,34.0,M,1.35,13.0,17.44,80.0,47.0,6.52,3.0,0.4,0.12,4.36,1.09,0.0,8.0,100.0
IN9,9.0,IN-BJPR,CMe,W,D1,0.0,20.0,29.0,59.0,12.0,M,1.38,14.0,5.97,99.0,45.0,6.82,3.0,1.0,0.1,1.7,1.06,0.0,5.0,100.0
IN12,12.0,IN-DHD,CMe,I,D1,0.0,20.0,14.0,63.0,23.0,Z,1.5,21.0,9.8,100.0,37.0,8.65,30.0,1.0,0.38,3.83,1.19,0.0,4.0,100.0
IN25,25.0,IN-SRTU,GLe,P,D1,0.0,20.0,20.0,46.0,34.0,M,1.35,13.0,17.44,80.0,47.0,6.52,3.0,0.4,0.12,4.36,1.09,0.0,8.0,100.0
IN6,6.0,IN-PHWLA,CMc,M,D1,0.0,20.0,50.0,32.0,18.0,M,1.4,11.0,10.32,100.0,52.0,9.15,30.0,1.0,0.93,2.67,0.64,0.0,33.0,100.0
IN15,15.0,IN-BRPR,CMe,M,D1,0.0,20.0,25.0,48.0,27.0,M,1.38,14.0,14.88,100.0,51.0,8.32,30.0,1.0,0.2,3.1,1.06,0.0,2.0,100.0
IN25,25.0,IN-SRTU,GLe,P,D1,0.0,20.0,20.0,46.0,34.0,M,1.35,13.0,17.44,80.0,47.0,6.52,3.0,0.4,0.12,4.36,1.09,0.0,8.0,100.0
IN13,13.0,IN-JGJT,CMe,I,D1,0.0,20.0,49.0,29.0,22.0,M,1.38,14.0,10.5,100.0,42.0,9.5,30.0,1.0,0.15,3.67,1.06,0.0,14.0,100.0
IN16,16.0,IN-BSRM,CMe,P,D1,0.0,20.0,24.0,64.0,12.0,M,1.2,14.0,6.72,89.0,44.0,7.27,5.0,1.0,0.38,3.99,1.06,0.0,9.0,100.0
IN27,27.0,IN-SSNG,FLe,I,D1,0.0,20.0,24.0,51.0,25.0,M,1.36,12.0,15.15,87.0,53.0,6.35,0.0,0.0,0.0,5.32,0.9,0.0,3.0,100.0
IN12,12.0,IN-DHD,CMe,I,D1,0.0,20.0,14.0,63.0,23.0,Z,1.5,21.0,9.8,100.0,37.0,8.65,30.0,1.0,0.38,3.83,1.19,0.0,4.0,100.0
IN10,10.0,IN-HRPR,SCn,P,D1,0.0,20.0,61.0,20.0,19.0,M,1.54,10.0,8.3,100.0,39.0,10.35,30.0,30.5,26.3,2.5,0.51,0.0,94.0,100.0
IN25,25.0,IN-SRTU,GLe,P,D1,0.0,20.0,20.0,46.0,34.0,M,1.35,13.0,17.44,80.0,47.0,6.52,3.0,0.4,0.12,4.36,1.09,0.0,8.0,100.0
IN13,13.0,IN-JGJT,CMe,I,D1,0.0,20.0,49.0,29.0,22.0,M,1.38,14.0,10.5,100.0,42.0,9.5,30.0,1.0,0.15,3.67,1.06,0.0,14.0,100.0
IN25,25.0,IN-SRTU,GLe,P,D1,0.0,20.0,20.0,46.0,34.0,M,1.35,13.0,17.44,80.0,47.0,6.52,3.0,0.4,0.12,4.36,1.09,0.0,8.0,100.0
IN7,7.0,IN-ZRFVN,SNh,P,D1,0.0,20.0,36.0,37.0,27.0,M,1.5,9.0,12.15,100.0,41.0,10.3,30.0,0.0,1.08,3.0,0.77,0.0,96.0,100.0
IN20,20.0,IN-BHRC,FLe,I,D1,0.0,20.0,62.0,26.0,12.0,M,1.35,12.0,9.65,100.0,74.0,9.05,30.0,1.0,0.16,2.05,0.74,0.0,6.0,100.0
IN17,17.0,IN-ITW,LVg,P,D1,0.0,20.0,11.0,62.0,27.0,Z,1.44,15.0,12.86,91.0,44.0,6.6,3.0,1.0,0.35,2.94,1.76,0.0,9.0,100.0
IN6,6.0,IN-PHWLA,CMc,M,D1,0.0,20.0,50.0,32.0,18.0,M,1.4,11.0,10.32,100.0,52.0,9.15,30.0,1.0,0.93,2.67,0.64,0.0,33.0,100.0
IN29,29.0,IN-HNGR,GLe,I,D1,0.0,20.0,17.0,35.0,48.0,F,1.43,6.0,19.84,82.0,35.0,5.9,0.0,0.0,0.0,8.15,1.53,0.0,3.0,100.0
IN6,6.0,IN-PHWLA,CMc,M,D1,0.0,20.0,50.0,32.0,18.0,M,1.4,11.0,10.32,100.0,52.0,9.15,30.0,1.0,0.93,2.67,0.64,0.0,33.0,100.0
IN25,25.0,IN-SRTU,GLe,P,D1,0.0,20.0,20.0,46.0,34.0,M,1.35,13.0,17.44,80.0,47.0,6.52,3.0,0.4,0.12,4.36,1.09,0.0,8.0,100.0
IN25,25.0,IN-SRTU,GLe,P,D1,0.0,20.0,20.0,46.0,34.0,M,1.35,13.0,17.44,80.0,47.0,6.52,3.0,0.4,0.12,4.36,1.09,0.0,8.0,100.0
IN30,30.0,IN-AMRP,CMe,W,D1,0.0,20.0,12.0,65.0,23.0,Z,1.38,11.0,9.8,100.0,36.0,6.95,3.0,1.0,0.14,4.3,1.58,0.0,2.0,100.0
IN25,25.0,IN-SRTU,GLe,P,D1,0.0,20.0,20.0,46.0,34.0,M,1.35,13.0,17.44,80.0,47.0,6.52,3.0,0.4,0.12,4.36,1.09,0.0,8.0,100.0
IN18,18.0,IN-SMR1,CMe,M,D1,0.0,20.0,60.0,25.0,15.0,M,1.38,14.0,7.0,93.0,43.0,6.6,3.0,1.0,0.38,1.5,1.06,0.0,2.0,100.0
IN1,1.0,IN-MSTWLI,FLc,W,D1,0.0,20.0,70.0,16.0,14.0,C,1.57,5.0,3.78,100.0,23.0,8.0,20.0,0.0,0.47,1.5,0.29,0.0,4.0,100.0
IN7,7.0,IN-ZRFVN,SNh,P,D1,0.0,20.0,36.0,37.0,27.0,M,1.5,9.0,12.15,100.0,41.0,10.3,30.0,0.0,1.08,3.0,0.77,0.0,96.0,100.0
IN25,25.0,IN-SRTU,GLe,P,D1,0.0,20.0,20.0,46.0,34.0,M,1.35,13.0,17.44,80.0,47.0,6.52,3.0,0.4,0.12,4.36,1.09,0.0,8.0,100.0
IN7,7.0,IN-ZRFVN,SNh,P,D1,0.0,20.0,36.0,37.0,27.0,M,1.5,9.0,12.15,100.0,41.0,10.3,30.0,0.0,1.08,3.0,0.77,0.0,96.0,100.0
IN7,7.0,IN-ZRFVN,SNh,P,D1,0.0,20.0,36.0,37.0,27.0,M,1.5,9.0,12.15,100.0,41.0,10.3,30.0,0.0,1.08,3.0,0.77,0.0,96.0,100.0
IN9,9.0,IN-BJPR,CMe,W,D1,0.0,20.0,29.0,59.0,12.0,M,1.38,14.0,5.97,99.0,45.0,6.82,3.0,1.0,0.1,1.7,1.06,0.0,5.0,100.0
IN12,12.0,IN-DHD,CMe,I,D1,0.0,20.0,14.0,63.0,23.0,Z,1.5,21.0,9.8,100.0,37.0,8.65,30.0,1.0,0.38,3.83,1.19,0.0,4.0,100.0
IN23,23.0,IN-EKCH,LVv,W,D1,0.0,20.0,12.0,48.0,40.0,F,1.3,14.0,20.62,80.0,48.0,6.47,0.0,0.0,0.0,3.65,1.13,0.0,8.0,100.0
IN6,6.0,IN-PHWLA,CMc,M,D1,0.0,20.0,50.0,32.0,18.0,M,1.4,11.0,10.32,100.0,52.0,9.15,30.0,1.0,0.93,2.67,0.64,0.0,33.0,100.0
IN18,18.0,IN-SMR1,CMe,M,D1,0.0,20.0,60.0,25.0,15.0,M,1.38,14.0,7.0,93.0,43.0,6.6,3.0,1.0,0.38,1.5,1.06,0.0,2.0,100.0
IN8,8.0,IN-GBDN,SNg,P,D1,0.0,20.0,36.0,42.0,22.0,M,1.48,9.0,10.72,100.0,46.0,9.95,30.0,0.0,4.92,1.85,0.82,0.0,77.0,100.0
IN25,25.0,IN-SRTU,GLe,P,D1,0.0,20.0,20.0,46.0,34.0,M,1.35,13.0,17.44,80.0,47.0,6.52,3.0,0.4,0.12,4.36,1.09,0.0,8.0,100.0
IN16,16.0,IN-BSRM,CMe,P,D1,0.0,20.0,24.0,64.0,12.0,M,1.2,14.0,6.72,89.0,44.0,7.27,5.0,1.0,0.38,3.99,1.06,0.0,9.0,100.0
IN7,7.0,IN-ZRFVN,SNh,P,D1,0.0,20.0,36.0,37.0,27.0,M,1.5,9.0,12.15,100.0,41.0,10.3,30.0,0.0,1.08,3.0,0.77,0.0,96.0,100.0
IN1,1.0,IN-MSTWLI,FLc,W,D1,0.0,20.0,70.0,16.0,14.0,C,1.57,5.0,3.78,100.0,23.0,8.0,20.0,0.0,0.47,1.5,0.29,0.0,4.0,100.0
IN19,19.0,IN-AKBP,SNh,I,D1,0.0,20.0,40.0,38.0,22.0,M,1.54,9.0,12.0,100.0,48.0,9.3,30.0,1.0,0.3,4.3,0.77,0.0,11.0,100.0
IN23,23.0,IN-EKCH,LVv,W,D1,0.0,20.0,12.0,48.0,40.0,F,1.3,14.0,20.62,80.0,48.0,6.47,0.0,0.0,0.0,3.65,1.13,0.0,8.0,100.0
IN8,8.0,IN-GBDN,SNg,P,D1,0.0,20.0,36.0,42.0,22.0,M,1.48,9.0,10.72,100.0,46.0,9.95,30.0,0.0,4.92,1.85,0.82,0.0,77.0,100.0
IN20,20.0,IN-BHRC,FLe,I,D1,0.0,20.0,62.0,26.0,12.0,M,1.35,12.0,9.65,100.0,74.0,9.05,30.0,1.0,0.16,2.05,0.74,0.0,6.0,100.0
IN1,1.0,IN-MSTWLI,FLc,W,D1,0.0,20.0,70.0,16.0,14.0,C,1.57,5.0,3.78,100.0,23.0,8.0,20.0,0.0,0.47,1.5,0.29,0.0,4.0,100.0
IN1,1.0,IN-MSTWLI,FLc,W,D1,0.0,20.0,70.0,16.0,14.0,C,1.57,5.0,3.78,100.0,23.0,8.0,20.0,0.0,0.47,1.5,0.29,0.0,4.0,100.0
IN23,23.0,IN-EKCH,LVv,W,D1,0.0,20.0,12.0,48.0,40.0,F,1.3,14.0,20.62,80.0,48.0,6.47,0.0,0.0,0.0,3.65,1.13,0.0,8.0,100.0
IN28,28.0,IN-KNPR,GLe,W,D1,0.0,20.0,49.0,22.0,29.0,M,1.4,17.0,14.8,45.0,46.0,4.68,0.0,0.0,0.0,4.07,0.8,15.0,6.0,100.0
IN13,13.0,IN-JGJT,CMe,I,D1,0.0,20.0,49.0,29.0,22.0,M,1.38,14.0,10.5,100.0,42.0,9.5,30.0,1.0,0.15,3.67,1.06,0.0,14.0,100.0
IN6,6.0,IN-PHWLA,CMc,M,D1,0.0,20.0,50.0,32.0,18.0,M,1.4,11.0,10.32,100.0,52.0,9.15,30.0,1.0,0.93,2.67,0.64,0.0,33.0,100.0
IN17,17.0,IN-ITW,LVg,P,D1,0.0,20.0,11.0,62.0,27.0,Z,1.44,15.0,12.86,91.0,44.0,6.6,3.0,1.0,0.35,2.94,1.76,0.0,9.0,100.0
IN8,8.0,IN-GBDN,SNg,P,D1,0.0,20.0,36.0,42.0,22.0,M,1.48,9.0,10.72,100.0,46.0,9.95,30.0,0.0,4.92,1.85,0.82,0.0,77.0,100.0
IN12,12.0,IN-DHD,CMe,I,D1,0.0,20.0,14.0,63.0,23.0,Z,1.5,21.0,9.8,100.0,37.0,8.65,30.0,1.0,0.38,3.83,1.19,0.0,4.0,100.0
IN13,13.0,IN-JGJT,CMe,I,D1,0.0,20.0,49.0,29.0,22.0,M,1.38,14.0,10.5,100.0,42.0,9.5,30.0,1.0,0.15,3.67,1.06,0.0,14.0,100.0
IN12,12.0,IN-DHD,CMe,I,D1,0.0,20.0,14.0,63.0,23.0,Z,1.5,21.0,9.8,100.0,37.0,8.65,30.0,1.0,0.38,3.83,1.19,0.0,4.0,100.0
IN23,23.0,IN-EKCH,LVv,W,D1,0.0,20.0,12.0,48.0,40.0,F,1.3,14.0,20.62,80.0,48.0,6.47,0.0,0.0,0.0,3.65,1.13,0.0,8.0,100.0
IN7,7.0,IN-ZRFVN,SNh,P,D1,0.0,20.0,36.0,37.0,27.0,M,1.5,9.0,12.15,100.0,41.0,10.3,30.0,0.0,1.08,3.0,0.77,0.0,96.0,100.0
IN25,25.0,IN-SRTU,GLe,P,D1,0.0,20.0,20.0,46.0,34.0,M,1.35,13.0,17.44,80.0,47.0,6.52,3.0,0.4,0.12,4.36,1.09,0.0,8.0,100.0
IN23,23.0,IN-EKCH,LVv,W,D1,0.0,20.0,12.0,48.0,40.0,F,1.3,14.0,20.62,80.0,48.0,6.47,0.0,0.0,0.0,3.65,1.13,0.0,8.0,100.0
IN10,10.0,IN-HRPR,SCn,P,D1,0.0,20.0,61.0,20.0,19.0,M,1.54,10.0,8.3,100.0,39.0,10.35,30.0,30.5,26.3,2.5,0.51,0.0,94.0,100.0
IN19,19.0,IN-AKBP,SNh,I,D1,0.0,20.0,40.0,38.0,22.0,M,1.54,9.0,12.0,100.0,48.0,9.3,30.0,1.0,0.3,4.3,0.77,0.0,11.0,100.0
IN8,8.0,IN-GBDN,SNg,P,D1,0.0,20.0,36.0,42.0,22.0,M,1.48,9.0,10.72,100.0,46.0,9.95,30.0,0.0,4.92,1.85,0.82,0.0,77.0,100.0
IN8,8.0,IN-GBDN,SNg,P,D1,0.0,20.0,36.0,42.0,22.0,M,1.48,9.0,10.72,100.0,46.0,9.95,30.0,0.0,4.92,1.85,0.82,0.0,77.0,100.0
IN2,2.0,IN-NHLKRA,CLh,I,D1,0.0,20.0,63.0,21.0,16.0,M,1.3,9.0,17.0,100.0,97.0,8.15,20.0,0.0,0.14,4.05,0.74,0.0,2.0,100.0
IN6,6.0,IN-PHWLA,CMc,M,D1,0.0,20.0,50.0,32.0,18.0,M,1.4,11.0,10.32,100.0,52.0,9.15,30.0,1.0,0.93,2.67,0.64,0.0,33.0,100.0
IN27,27.0,IN-SSNG,FLe,I,D1,0.0,20.0,24.0,51.0,25.0,M,1.36,12.0,15.15,87.0,53.0,6.35,0.0,0.0,0.0,5.32,0.9,0.0,3.0,100.0
IN25,25.0,IN-SRTU,GLe,P,D1,0.0,20.0,20.0,46.0,34.0,M,1.35,13.0,17.44,80.0,47.0,6.52,3.0,0.4,0.12,4.36,1.09,0.0,8.0,100.0
IN31,31.0,IN-MDHP,LVg,I,D1,0.0,20.0,25.0,44.0,31.0,M,1.48,14.0,14.09,80.0,41.0,6.55,3.0,0.3,0.06,3.96,1.1,0.0,2.0,100.0
IN16,16.0,IN-BSRM,CMe,P,D1,0.0,20.0,24.0,64.0,12.0,M,1.2,14.0,6.72,89.0,44.0,7.27,5.0,1.0,0.38,3.99,1.06,0.0,9.0,100.0
IN19,19.0,IN-AKBP,SNh,I,D1,0.0,20.0,40.0,38.0,22.0,M,1.54,9.0,12.0,100.0,48.0,9.3,30.0,1.0,0.3,4.3,0.77,0.0,11.0,100.0
IN25,25.0,IN-SRTU,GLe,P,D1,0.0,20.0,20.0,46.0,34.0,M,1.35,13.0,17.44,80.0,47.0,6.52,3.0,0.4,0.12,4.36,1.09,0.0,8.0,100.0
IN12,12.0,IN-DHD,CMe,I,D1,0.0,20.0,14.0,63.0,23.0,Z,1.5,21.0,9.8,100.0,37.0,8.65,30.0,1.0,0.38,3.83,1.19,0.0,4.0,100.0
IN25,25.0,IN-SRTU,GLe,P,D1,0.0,20.0,20.0,46.0,34.0,M,1.35,13.0,17.44,80.0,47.0,6.52,3.0,0.4,0.12,4.36,1.09,0.0,8.0,100.0
IN24,24.0,IN-NYP,GLe,I,D1,0.0,20.0,19.0,52.0,29.0,M,1.4,17.0,8.9,87.0,25.0,7.2,9.3,0.75,1.73,5.0,0.8,0.0,2.0,100.0
IN24,24.0,IN-NYP,GLe,I,D1,0.0,20.0,19.0,52.0,29.0,M,1.4,17.0,8.9,87.0,25.0,7.2,9.3,0.75,1.73,5.0,0.8,0.0,2.0,100.0
IN16,16.0,IN-BSRM,CMe,P,D1,0.0,20.0,24.0,64.0,12.0,M,1.2,14.0,6.72,89.0,44.0,7.27,5.0,1.0,0.38,3.99,1.06,0.0,9.0,100.0
IN11,11.0,IN-SKIT,SNh,I,D1,0.0,20.0,59.0,24.0,17.0,M,1.54,9.0,10.24,100.0,53.0,10.45,30.0,1.0,1.08,3.55,0.77,0.0,95.0,100.0
IN27,27.0,IN-SSNG,FLe,I,D1,0.0,20.0,24.0,51.0,25.0,M,1.36,12.0,15.15,87.0,53.0,6.35,0.0,0.0,0.0,5.32,0.9,0.0,3.0,100.0
IN25,25.0,IN-SRTU,GLe,P,D1,0.0,20.0,20.0,46.0,34.0,M,1.35,13.0,17.44,80.0,47.0,6.52,3.0,0.4,0.12,4.36,1.09,0.0,8.0,100.0
IN9,9.0,IN-BJPR,CMe,W,D1,0.0,20.0,29.0,59.0,12.0,M,1.38,14.0,5.97,99.0,45.0,6.82,3.0,1.0,0.1,1.7,1.06,0.0,5.0,100.0
IN11,11.0,IN-SKIT,SNh,I,D1,0.0,20.0,59.0,24.0,17.0,M,1.54,9.0,10.24,100.0,53.0,10.45,30.0,1.0,1.08,3.55,0.77,0.0,95.0,100.0
IN12,12.0,IN-DHD,CMe,I,D1,0.0,20.0,14.0,63.0,23.0,Z,1.5,21.0,9.8,100.0,37.0,8.65,30.0,1.0,0.38,3.83,1.19,0.0,4.0,100.0
IN9,9.0,IN-BJPR,CMe,W,D1,0.0,20.0,29.0,59.0,12.0,M,1.38,14.0,5.97,99.0,45.0,6.82,3.0,1.0,0.1,1.7,1.06,0.0,5.0,100.0
IN12,12.0,IN-DHD,CMe,I,D1,0.0,20.0,14.0,63.0,23.0,Z,1.5,21.0,9.8,100.0,37.0,8.65,30.0,1.0,0.38,3.83,1.19,0.0,4.0,100.0
IN22,22.0,IN-BLSR,CMv,P,D1,0.0,20.0,6.0,40.0,54.0,F,1.42,15.0,20.03,82.0,33.0,7.46,69.0,1.0,0.39,5.88,1.26,0.0,10.0,100.0
IN25,25.0,IN-SRTU,GLe,P,D1,0.0,20.0,20.0,46.0,34.0,M,1.35,13.0,17.44,80.0,47.0,6.52,3.0,0.4,0.12,4.36,1.09,0.0,8.0,100.0
IN4,4.0,IN-JDRM,CMe,S,D1,0.0,20.0,66.0,30.0,4.0,M,1.38,14.0,6.0,100.0,135.0,8.1,20.0,1.0,0.2,1.7,1.06,0.0,2.0,100.0
IN25,25.0,IN-SRTU,GLe,P,D1,0.0,20.0,20.0,46.0,34.0,M,1.35,13.0,17.44,80.0,47.0,6.52,3.0,0.4,0.12,4.36,1.09,0.0,8.0,100.0
IN13,13.0,IN-JGJT,CMe,I,D1,0.0,20.0,49.0,29.0,22.0,M,1.38,14.0,10.5,100.0,42.0,9.5,30.0,1.0,0.15,3.67,1.06,0.0,14.0,100.0
IN7,7.0,IN-ZRFVN,SNh,P,D1,0.0,20.0,36.0,37.0,27.0,M,1.5,9.0,12.15,100.0,41.0,10.3,30.0,0.0,1.08,3.0,0.77,0.0,96.0,100.0
IN19,19.0,IN-AKBP,SNh,I,D1,0.0,20.0,40.0,38.0,22.0,M,1.54,9.0,12.0,100.0,48.0,9.3,30.0,1.0,0.3,4.3,0.77,0.0,11.0,100.0
IN30,30.0,IN-AMRP,CMe,W,D1,0.0,20.0,12.0,65.0,23.0,Z,1.38,11.0,9.8,100.0,36.0,6.95,3.0,1.0,0.14,4.3,1.58,0.0,2.0,100.0
IN19,19.0,IN-AKBP,SNh,I,D1,0.0,20.0,40.0,38.0,22.0,M,1.54,9.0,12.0,100.0,48.0,9.3,30.0,1.0,0.3,4.3,0.77,0.0,11.0,100.0
IN28,28.0,IN-KNPR,GLe,W,D1,0.0,20.0,49.0,22.0,29.0,M,1.4,17.0,14.8,45.0,46.0,4.68,0.0,0.0,0.0,4.07,0.8,15.0,6.0,100.0
IN20,20.0,IN-BHRC,FLe,I,D1,0.0,20.0,62.0,26.0,12.0,M,1.35,12.0,9.65,100.0,74.0,9.05,30.0,1.0,0.16,2.05,0.74,0.0,6.0,100.0
IN27,27.0,IN-SSNG,FLe,I,D1,0.0,20.0,24.0,51.0,25.0,M,1.36,12.0,15.15,87.0,53.0,6.35,0.0,0.0,0.0,5.32,0.9,0.0,3.0,100.0
IN27,27.0,IN-SSNG,FLe,I,D1,0.0,20.0,24.0,51.0,25.0,M,1.36,12.0,15.15,87.0,53.0,6.35,0.0,0.0,0.0,5.32,0.9,0.0,3.0,100.0
IN7,7.0,IN-ZRFVN,SNh,P,D1,0.0,20.0,36.0,37.0,27.0,M,1.5,9.0,12.15,100.0,41.0,10.3,30.0,0.0,1.08,3.0,0.77,0.0,96.0,100.0
IN35,35.0,IN-KHWI,GLe,I,D1,0.0,20.0,55.0,22.0,23.0,M,1.4,17.0,7.72,68.0,18.0,5.05,0.0,0.0,0.0,10.2,0.8,7.0,9.0,100.0
IN22,22.0,IN-BLSR,CMv,P,D1,0.0,20.0,6.0,40.0,54.0,F,1.42,15.0,20.03,82.0,33.0,7.46,69.0,1.0,0.39,5.88,1.26,0.0,10.0,100.0
IN29,29.0,IN-HNGR,GLe,I,D1,0.0,20.0,17.0,35.0,48.0,F,1.43,6.0,19.84,82.0,35.0,5.9,0.0,0.0,0.0,8.15,1.53,0.0,3.0,100.0
IN29,29.0,IN-HNGR,GLe,I,D1,0.0,20.0,17.0,35.0,48.0,F,1.43,6.0,19.84,82.0,35.0,5.9,0.0,0.0,0.0,8.15,1.53,0.0,3.0,100.0
IN25,25.0,IN-SRTU,GLe,P,D1,0.0,20.0,20.0,46.0,34.0,M,1.35,13.0,17.44,80.0,47.0,6.52,3.0,0.4,0.12,4.36,1.09,0.0,8.0,100.0
IN13,13.0,IN-JGJT,CMe,I,D1,0.0,20.0,49.0,29.0,22.0,M,1.38,14.0,10.5,100.0,42.0,9.5,30.0,1.0,0.15,3.67,1.06,0.0,14.0,100.0
IN29,29.0,IN-HNGR,GLe,I,D1,0.0,20.0,17.0,35.0,48.0,F,1.43,6.0,19.84,82.0,35.0,5.9,0.0,0.0,0.0,8.15,1.53,0.0,3.0,100.0
IN30,30.0,IN-AMRP,CMe,W,D1,0.0,20.0,12.0,65.0,23.0,Z,1.38,11.0,9.8,100.0,36.0,6.95,3.0,1.0,0.14,4.3,1.58,0.0,2.0,100.0
IN7,7.0,IN-ZRFVN,SNh,P,D1,0.0,20.0,36.0,37.0,27.0,M,1.5,9.0,12.15,100.0,41.0,10.3,30.0,0.0,1.08,3.0,0.77,0.0,96.0,100.0
IN29,29.0,IN-HNGR,GLe,I,D1,0.0,20.0,17.0,35.0,48.0,F,1.43,6.0,19.84,82.0,35.0,5.9,0.0,0.0,0.0,8.15,1.53,0.0,3.0,100.0
IN29,29.0,IN-HNGR,GLe,I,D1,0.0,20.0,17.0,35.0,48.0,F,1.43,6.0,19.84,82.0,35.0,5.9,0.0,0.0,0.0,8.15,1.53,0.0,3.0,100.0
IN27,27.0,IN-SSNG,FLe,I,D1,0.0,20.0,24.0,51.0,25.0,M,1.36,12.0,15.15,87.0,53.0,6.35,0.0,0.0,0.0,5.32,0.9,0.0,3.0,100.0
IN22,22.0,IN-BLSR,CMv,P,D1,0.0,20.0,6.0,40.0,54.0,F,1.42,15.0,20.03,82.0,33.0,7.46,69.0,1.0,0.39,5.88,1.26,0.0,10.0,100.0
IN1,1.0,IN-MSTWLI,FLc,W,D1,0.0,20.0,70.0,16.0,14.0,C,1.57,5.0,3.78,100.0,23.0,8.0,20.0,0.0,0.47,1.5,0.29,0.0,4.0,100.0
IN29,29.0,IN-HNGR,GLe,I,D1,0.0,20.0,17.0,35.0,48.0,F,1.43,6.0,19.84,82.0,35.0,5.9,0.0,0.0,0.0,8.15,1.53,0.0,3.0,100.0
IN27,27.0,IN-SSNG,FLe,I,D1,0.0,20.0,24.0,51.0,25.0,M,1.36,12.0,15.15,87.0,53.0,6.35,0.0,0.0,0.0,5.32,0.9,0.0,3.0,100.0
IN32,32.0,IN-BRK,CMd,W,D1,0.0,20.0,50.0,28.0,22.0,M,1.2,16.0,13.24,38.0,33.0,4.5,0.0,0.0,0.0,17.32,1.54,47.0,1.0,100.0
IN32,32.0,IN-BRK,CMd,W,D1,0.0,20.0,50.0,28.0,22.0,M,1.2,16.0,13.24,38.0,33.0,4.5,0.0,0.0,0.0,17.32,1.54,47.0,1.0,100.0
IN27,27.0,IN-SSNG,FLe,I,D1,0.0,20.0,24.0,51.0,25.0,M,1.36,12.0,15.15,87.0,53.0,6.35,0.0,0.0,0.0,5.32,0.9,0.0,3.0,100.0
IN31,31.0,IN-MDHP,LVg,I,D1,0.0,20.0,25.0,44.0,31.0,M,1.48,14.0,14.09,80.0,41.0,6.55,3.0,0.3,0.06,3.96,1.1,0.0,2.0,100.0
IN29,29.0,IN-HNGR,GLe,I,D1,0.0,20.0,17.0,35.0,48.0,F,1.43,6.0,19.84,82.0,35.0,5.9,0.0,0.0,0.0,8.15,1.53,0.0,3.0,100.0
IN1,1.0,IN-MSTWLI,FLc,W,D1,0.0,20.0,70.0,16.0,14.0,C,1.57,5.0,3.78,100.0,23.0,8.0,20.0,0.0,0.47,1.5,0.29,0.0,4.0,100.0
IN29,29.0,IN-HNGR,GLe,I,D1,0.0,20.0,17.0,35.0,48.0,F,1.43,6.0,19.84,82.0,35.0,5.9,0.0,0.0,0.0,8.15,1.53,0.0,3.0,100.0
IN29,29.0,IN-HNGR,GLe,I,D1,0.0,20.0,17.0,35.0,48.0,F,1.43,6.0,19.84,82.0,35.0,5.9,0.0,0.0,0.0,8.15,1.53,0.0,3.0,100.0
IN32,32.0,IN-BRK,CMd,W,D1,0.0,20.0,50.0,28.0,22.0,M,1.2,16.0,13.24,38.0,33.0,4.5,0.0,0.0,0.0,17.32,1.54,47.0,1.0,100.0
IN33,33.0,IN-SRGR,CMg,I,D1,0.0,20.0,6.0,51.0,43.0,F,1.3,18.0,21.12,90.0,44.0,5.4,0.0,0.0,0.0,5.9,1.53,21.0,1.0,100.0
IN27,27.0,IN-SSNG,FLe,I,D1,0.0,20.0,24.0,51.0,25.0,M,1.36,12.0,15.15,87.0,53.0,6.35,0.0,0.0,0.0,5.32,0.9,0.0,3.0,100.0
IN29,29.0,IN-HNGR,GLe,I,D1,0.0,20.0,17.0,35.0,48.0,F,1.43,6.0,19.84,82.0,35.0,5.9,0.0,0.0,0.0,8.15,1.53,0.0,3.0,100.0
IN18,18.0,IN-SMR1,CMe,M,D1,0.0,20.0,60.0,25.0,15.0,M,1.38,14.0,7.0,93.0,43.0,6.6,3.0,1.0,0.38,1.5,1.06,0.0,2.0,100.0
IN32,32.0,IN-BRK,CMd,W,D1,0.0,20.0,50.0,28.0,22.0,M,1.2,16.0,13.24,38.0,33.0,4.5,0.0,0.0,0.0,17.32,1.54,47.0,1.0,100.0
IN29,29.0,IN-HNGR,GLe,I,D1,0.0,20.0,17.0,35.0,48.0,F,1.43,6.0,19.84,82.0,35.0,5.9,0.0,0.0,0.0,8.15,1.53,0.0,3.0,100.0
IN27,27.0,IN-SSNG,FLe,I,D1,0.0,20.0,24.0,51.0,25.0,M,1.36,12.0,15.15,87.0,53.0,6.35,0.0,0.0,0.0,5.32,0.9,0.0,3.0,100.0
IN30,30.0,IN-AMRP,CMe,W,D1,0.0,20.0,12.0,65.0,23.0,Z,1.38,11.0,9.8,100.0,36.0,6.95,3.0,1.0,0.14,4.3,1.58,0.0,2.0,100.0
IN22,22.0,IN-BLSR,CMv,P,D1,0.0,20.0,6.0,40.0,54.0,F,1.42,15.0,20.03,82.0,33.0,7.46,69.0,1.0,0.39,5.88,1.26,0.0,10.0,100.0
IN13,13.0,IN-JGJT,CMe,I,D1,0.0,20.0,49.0,29.0,22.0,M,1.38,14.0,10.5,100.0,42.0,9.5,30.0,1.0,0.15,3.67,1.06,0.0,14.0,100.0
IN22,22.0,IN-BLSR,CMv,P,D1,0.0,20.0,6.0,40.0,54.0,F,1.42,15.0,20.03,82.0,33.0,7.46,69.0,1.0,0.39,5.88,1.26,0.0,10.0,100.0
IN30,30.0,IN-AMRP,CMe,W,D1,0.0,20.0,12.0,65.0,23.0,Z,1.38,11.0,9.8,100.0,36.0,6.95,3.0,1.0,0.14,4.3,1.58,0.0,2.0,100.0
IN8,8.0,IN-GBDN,SNg,P,D1,0.0,20.0,36.0,42.0,22.0,M,1.48,9.0,10.72,100.0,46.0,9.95,30.0,0.0,4.92,1.85,0.82,0.0,77.0,100.0
IN24,24.0,IN-NYP,GLe,I,D1,0.0,20.0,19.0,52.0,29.0,M,1.4,17.0,8.9,87.0,25.0,7.2,9.3,0.75,1.73,5.0,0.8,0.0,2.0,100.0
IN27,27.0,IN-SSNG,FLe,I,D1,0.0,20.0,24.0,51.0,25.0,M,1.36,12.0,15.15,87.0,53.0,6.35,0.0,0.0,0.0,5.32,0.9,0.0,3.0,100.0
IN31,31.0,IN-MDHP,LVg,I,D1,0.0,20.0,25.0,44.0,31.0,M,1.48,14.0,14.09,80.0,41.0,6.55,3.0,0.3,0.06,3.96,1.1,0.0,2.0,100.0
IN29,29.0,IN-HNGR,GLe,I,D1,0.0,20.0,17.0,35.0,48.0,F,1.43,6.0,19.84,82.0,35.0,5.9,0.0,0.0,0.0,8.15,1.53,0.0,3.0,100.0
IN30,30.0,IN-AMRP,CMe,W,D1,0.0,20.0,12.0,65.0,23.0,Z,1.38,11.0,9.8,100.0,36.0,6.95,3.0,1.0,0.14,4.3,1.58,0.0,2.0,100.0
IN31,31.0,IN-MDHP,LVg,I,D1,0.0,20.0,25.0,44.0,31.0,M,1.48,14.0,14.09,80.0,41.0,6.55,3.0,0.3,0.06,3.96,1.1,0.0,2.0,100.0
IN1,1.0,IN-MSTWLI,FLc,W,D1,0.0,20.0,70.0,16.0,14.0,C,1.57,5.0,3.78,100.0,23.0,8.0,20.0,0.0,0.47,1.5,0.29,0.0,4.0,100.0
IN27,27.0,IN-SSNG,FLe,I,D1,0.0,20.0,24.0,51.0,25.0,M,1.36,12.0,15.15,87.0,53.0,6.35,0.0,0.0,0.0,5.32,0.9,0.0,3.0,100.0
IN22,22.0,IN-BLSR,CMv,P,D1,0.0,20.0,6.0,40.0,54.0,F,1.42,15.0,20.03,82.0,33.0,7.46,69.0,1.0,0.39,5.88,1.26,0.0,10.0,100.0
IN29,29.0,IN-HNGR,GLe,I,D1,0.0,20.0,17.0,35.0,48.0,F,1.43,6.0,19.84,82.0,35.0,5.9,0.0,0.0,0.0,8.15,1.53,0.0,3.0,100.0
IN13,13.0,IN-JGJT,CMe,I,D1,0.0,20.0,49.0,29.0,22.0,M,1.38,14.0,10.5,100.0,42.0,9.5,30.0,1.0,0.15,3.67,1.06,0.0,14.0,100.0
IN30,30.0,IN-AMRP,CMe,W,D1,0.0,20.0,12.0,65.0,23.0,Z,1.38,11.0,9.8,100.0,36.0,6.95,3.0,1.0,0.14,4.3,1.58,0.0,2.0,100.0
IN12,12.0,IN-DHD,CMe,I,D1,0.0,20.0,14.0,63.0,23.0,Z,1.5,21.0,9.8,100.0,37.0,8.65,30.0,1.0,0.38,3.83,1.19,0.0,4.0,100.0
IN28,28.0,IN-KNPR,GLe,W,D1,0.0,20.0,49.0,22.0,29.0,M,1.4,17.0,14.8,45.0,46.0,4.68,0.0,0.0,0.0,4.07,0.8,15.0,6.0,100.0
IN1,1.0,IN-MSTWLI,FLc,W,D1,0.0,20.0,70.0,16.0,14.0,C,1.57,5.0,3.78,100.0,23.0,8.0,20.0,0.0,0.47,1.5,0.29,0.0,4.0,100.0
IN12,12.0,IN-DHD,CMe,I,D1,0.0,20.0,14.0,63.0,23.0,Z,1.5,21.0,9.8,100.0,37.0,8.65,30.0,1.0,0.38,3.83,1.19,0.0,4.0,100.0
IN29,29.0,IN-HNGR,GLe,I,D1,0.0,20.0,17.0,35.0,48.0,F,1.43,6.0,19.84,82.0,35.0,5.9,0.0,0.0,0.0,8.15,1.53,0.0,3.0,100.0
IN31,31.0,IN-MDHP,LVg,I,D1,0.0,20.0,25.0,44.0,31.0,M,1.48,14.0,14.09,80.0,41.0,6.55,3.0,0.3,0.06,3.96,1.1,0.0,2.0,100.0
IN37,37.0,IN-SGR,CMe,I,D1,0.0,20.0,18.0,41.0,41.0,F,1.34,9.0,22.4,80.0,49.0,5.7,0.0,0.0,0.0,6.8,1.26,0.0,17.0,100.0
IN13,13.0,IN-JGJT,CMe,I,D1,0.0,20.0,49.0,29.0,22.0,M,1.38,14.0,10.5,100.0,42.0,9.5,30.0,1.0,0.15,3.67,1.06,0.0,14.0,100.0
IN3,3.0,IN-JSPW,ARc,E,D1,0.0,20.0,90.0,5.0,5.0,C,1.5,3.0,6.0,100.0,114.0,8.2,20.0,1.0,0.19,0.9,0.22,0.0,3.0,100.0
IN30,30.0,IN-AMRP,CMe,W,D1,0.0,20.0,12.0,65.0,23.0,Z,1.38,11.0,9.8,100.0,36.0,6.95,3.0,1.0,0.14,4.3,1.58,0.0,2.0,100.0
IN22,22.0,IN-BLSR,CMv,P,D1,0.0,20.0,6.0,40.0,54.0,F,1.42,15.0,20.03,82.0,33.0,7.46,69.0,1.0,0.39,5.88,1.26,0.0,10.0,100.0
IN28,28.0,IN-KNPR,GLe,W,D1,0.0,20.0,49.0,22.0,29.0,M,1.4,17.0,14.8,45.0,46.0,4.68,0.0,0.0,0.0,4.07,0.8,15.0,6.0,100.0
IN22,22.0,IN-BLSR,CMv,P,D1,0.0,20.0,6.0,40.0,54.0,F,1.42,15.0,20.03,82.0,33.0,7.46,69.0,1.0,0.39,5.88,1.26,0.0,10.0,100.0
IN31,31.0,IN-MDHP,LVg,I,D1,0.0,20.0,25.0,44.0,31.0,M,1.48,14.0,14.09,80.0,41.0,6.55,3.0,0.3,0.06,3.96,1.1,0.0,2.0,100.0
IN12,12.0,IN-DHD,CMe,I,D1,0.0,20.0,14.0,63.0,23.0,Z,1.5,21.0,9.8,100.0,37.0,8.65,30.0,1.0,0.38,3.83,1.19,0.0,4.0,100.0
IN30,30.0,IN-AMRP,CMe,W,D1,0.0,20.0,12.0,65.0,23.0,Z,1.38,11.0,9.8,100.0,36.0,6.95,3.0,1.0,0.14,4.3,1.58,0.0,2.0,100.0
IN30,30.0,IN-AMRP,CMe,W,D1,0.0,20.0,12.0,65.0,23.0,Z,1.38,11.0,9.8,100.0,36.0,6.95,3.0,1.0,0.14,4.3,1.58,0.0,2.0,100.0
IN22,22.0,IN-BLSR,CMv,P,D1,0.0,20.0,6.0,40.0,54.0,F,1.42,15.0,20.03,82.0,33.0,7.46,69.0,1.0,0.39,5.88,1.26,0.0,10.0,100.0
IN22,22.0,IN-BLSR,CMv,P,D1,0.0,20.0,6.0,40.0,54.0,F,1.42,15.0,20.03,82.0,33.0,7.46,69.0,1.0,0.39,5.88,1.26,0.0,10.0,100.0
IN1,1.0,IN-MSTWLI,FLc,W,D1,0.0,20.0,70.0,16.0,14.0,C,1.57,5.0,3.78,100.0,23.0,8.0,20.0,0.0,0.47,1.5,0.29,0.0,4.0,100.0
IN28,28.0,IN-KNPR,GLe,W,D1,0.0,20.0,49.0,22.0,29.0,M,1.4,17.0,14.8,45.0,46.0,4.68,0.0,0.0,0.0,4.07,0.8,15.0,6.0,100.0
IN31,31.0,IN-MDHP,LVg,I,D1,0.0,20.0,25.0,44.0,31.0,M,1.48,14.0,14.09,80.0,41.0,6.55,3.0,0.3,0.06,3.96,1.1,0.0,2.0,100.0
IN23,23.0,IN-EKCH,LVv,W,D1,0.0,20.0,12.0,48.0,40.0,F,1.3,14.0,20.62,80.0,48.0,6.47,0.0,0.0,0.0,3.65,1.13,0.0,8.0,100.0
IN30,30.0,IN-AMRP,CMe,W,D1,0.0,20.0,12.0,65.0,23.0,Z,1.38,11.0,9.8,100.0,36.0,6.95,3.0,1.0,0.14,4.3,1.58,0.0,2.0,100.0
IN37,37.0,IN-SGR,CMe,I,D1,0.0,20.0,18.0,41.0,41.0,F,1.34,9.0,22.4,80.0,49.0,5.7,0.0,0.0,0.0,6.8,1.26,0.0,17.0,100.0
IN23,23.0,IN-EKCH,LVv,W,D1,0.0,20.0,12.0,48.0,40.0,F,1.3,14.0,20.62,80.0,48.0,6.47,0.0,0.0,0.0,3.65,1.13,0.0,8.0,100.0
IN13,13.0,IN-JGJT,CMe,I,D1,0.0,20.0,49.0,29.0,22.0,M,1.38,14.0,10.5,100.0,42.0,9.5,30.0,1.0,0.15,3.67,1.06,0.0,14.0,100.0
IN6,6.0,IN-PHWLA,CMc,M,D1,0.0,20.0,50.0,32.0,18.0,M,1.4,11.0,10.32,100.0,52.0,9.15,30.0,1.0,0.93,2.67,0.64,0.0,33.0,100.0
IN10,10.0,IN-HRPR,SCn,P,D1,0.0,20.0,61.0,20.0,19.0,M,1.54,10.0,8.3,100.0,39.0,10.35,30.0,30.5,26.3,2.5,0.51,0.0,94.0,100.0
IN6,6.0,IN-PHWLA,CMc,M,D1,0.0,20.0,50.0,32.0,18.0,M,1.4,11.0,10.32,100.0,52.0,9.15,30.0,1.0,0.93,2.67,0.64,0.0,33.0,100.0
IN6,6.0,IN-PHWLA,CMc,M,D1,0.0,20.0,50.0,32.0,18.0,M,1.4,11.0,10.32,100.0,52.0,9.15,30.0,1.0,0.93,2.67,0.64,0.0,33.0,100.0
IN16,16.0,IN-BSRM,CMe,P,D1,0.0,20.0,24.0,64.0,12.0,M,1.2,14.0,6.72,89.0,44.0,7.27,5.0,1.0,0.38,3.99,1.06,0.0,9.0,100.0
