crop_id,variety_id,irrigation,region,n_kg_ha,p2o5_kg_ha,k2o_kg_ha,source,notes
wheat,generic,irrigated,Punjab,123.6,61.8,0,"PAU Package of Practices for Crops of Punjab, Rabi 2025-26, Vol. 42, p.9","Standard dose for medium-fertility soils (PAU's own baseline assumption -- already a fertilizer recommendation, not raw crop nutrient uptake). Base PAU rate N=50, P2O5=25, K2O=0 kg/acre, converted to kg/ha (x2.4711). K2O soil-test adjustment (low/very_low) is in soil_adjustments.csv. Alternative STCR equation for wheat cv. WH 542 is in stcr_equations.csv (no Punjab STCR centre exists; Hisar/Haryana, same Trans-Gangetic Plain zone, used instead)."
rice,generic,irrigated,Punjab,103.8,29.7,29.7,"PAU Package of Practices for Crops of Punjab, Kharif 2026, Vol. 43, p.10","Standard dose for medium-fertility soils, 'all other varieties' (not PR 132). Base PAU rate N=42, P2O5=12, K2O=12 kg/acre, converted to kg/ha (x2.4711). PAU: 'apply phosphorus and potassium fertilizers only when the soil test shows deficiency' -- P2O5/K2O adjustment when soil tests medium/high is in soil_adjustments.csv. No Punjab or Haryana STCR equation exists for rice."
rice,pr_132,irrigated,Punjab,77.8,29.7,29.7,"PAU Package of Practices for Crops of Punjab, Kharif 2026, Vol. 43, p.10","Same as rice/generic except N: PR 132 uses N=31.5 kg/acre (77.8 kg/ha) instead of 42 kg/acre. P2O5/K2O unchanged."
chickpea,generic,irrigated,Punjab,14.8,19.8,0,"PAU Package of Practices for Crops of Punjab, Rabi 2025-26, Vol. 42, p.36","Desi gram, irrigated and unirrigated (PAU gives one combined rate). Base PAU rate N=6, P2O5=8 kg/acre, converted to kg/ha (x2.4711). No K2O recommended for gram in this source. Sourced during R1; only now added to reference_doses.csv since wheat/rice were R3's stated priority."
chickpea,kabuli,irrigated,Punjab,14.8,39.5,0,"PAU Package of Practices for Crops of Punjab, Rabi 2025-26, Vol. 42, p.36","Kabuli gram, irrigated. Same N as desi (6 kg/acre = 14.8 kg/ha) but higher P2O5: 16 kg/acre = 39.5 kg/ha. No K2O recommended."
maize,generic,irrigated,Punjab,123.6,59.3,29.7,"PAU Package of Practices for Crops of Punjab, Kharif 2026, Vol. 43, p.33","Standard dose for medium-fertility soils, main long-duration hybrid group (PMH 1/11/13/14/17, NK 7328, DKC 9144, Bioseed 9788, ADV 9293, JC 12, Punjab Sweet Corn 1). Base PAU rate N=50, P2O5=24, K2O=12 kg/acre, converted to kg/ha (x2.4711). PAU note: 'apply potassium only if the soil-test shows deficiency of potash' -- treated as already included in this flat medium-fertility rate, no separate soil_adjustments.csv row added (unlike wheat/rice's low-K addition) since PAU's own table already bundles K2O into this one number, not a soil-test add-on. Short-duration hybrids (PMH 2, JC 4, Pearl Popcorn) have a lower rate (35-12-8 kg/acre) not captured here -- variety not tracked in crop_varieties.csv yet, TODO(data) if that distinction is needed later. Previously missing from this file entirely -- reference_doses.csv had zero maize rows despite maize being in crops.csv/growth_stages.csv, discovered while investigating a teammate's data-gap report."
cotton,generic,irrigated,Punjab,135.9,29.7,0,"PAU Package of Practices for Crops of Punjab, Kharif 2026, Vol. 43, p.49","Standard dose for medium-fertility soils, Bt hybrids (the dominant modern Punjab cotton type). Base PAU rate N=55 kg/acre (120 kg urea), P2O5=12 kg/acre, converted to kg/ha (x2.4711). K2O soil-test adjustment is in soil_adjustments.csv, flagged there as texture-based ('light soils'), not a soil-test-nutrient-rating trigger like the other adjustment rows -- a real caveat, not silently treated as equivalent. Non-Bt (30-12) and Bt non-hybrid (37-12) rates exist in the same source table but aren't captured here (Bt hybrids chosen as the representative/dominant case). Previously missing from this file entirely, same gap as maize."
sugarcane,generic,irrigated,Punjab,148.3,0,0,"PAU Package of Practices for Crops of Punjab, Kharif 2026, Vol. 43, p.82","Standard dose for medium-fertility soils, plant crop (not ratoon). Base PAU rate N=60 kg/acre, converted to kg/ha (x2.4711). P2O5 and K2O baseline are 0 per PAU's own table -- 'if soil is low in available phosphorus, apply 12 kg P2O5 per acre' and '...low in available potassium, application of 50 kg per acre muriate of potash' are soil-test-triggered additions only, in soil_adjustments.csv. Ratoon crop has a higher N rate (90 kg/acre) not captured here (plant crop chosen as the generic/first-cycle case, matching the project's existing convention of one flat generic rate per crop). Previously missing from this file entirely, same gap as maize/cotton."
barley,generic,irrigated,Punjab,61.8,29.7,0,"PAU Package of Practices for Crops of Punjab, Rabi 2025-26, Vol. 42, p.24","Standard dose for medium-fertility soils. Base PAU rate N=25, P2O5=12 kg/acre, converted to kg/ha (x2.4711). K2O baseline is 0 -- 'apply 6 kg K2O (10 kg muriate of potash) per acre to soils testing low in this nutrient' is a soil-test-triggered addition, in soil_adjustments.csv. New crop added to the vocabulary (crops.csv) in this pass: single well-defined species (jau/barley), not a generic category like 'Pulses' or 'Millets' -- Millets was considered and rejected for this reason (PAU's own Kharif document lists Bajra as the Kharif millet and its Rabi document separately lists 'Minor Millets' as Proso/Foxtail millet -- at least two agronomically distinct species share the one generic 'Millets' label, the same ambiguity that already ruled out mapping 'Pulses' to chickpea)."
