region_key,month,temperature_c,humidity_pct,rainfall_mm_5day,source
punjab_ludhiana,1,10.3,87.5,9.2,"Open-Meteo archive API, 2022-2024 average for (30.901,75.8573) -- this is a multi-year AVERAGE, not a forecast."
punjab_ludhiana,2,14.4,73.4,4.7,"Open-Meteo archive API, 2022-2024 average for (30.901,75.8573) -- this is a multi-year AVERAGE, not a forecast."
punjab_ludhiana,3,20.6,63.6,6.8,"Open-Meteo archive API, 2022-2024 average for (30.901,75.8573) -- this is a multi-year AVERAGE, not a forecast."
punjab_ludhiana,4,26.7,39.8,2.8,"Open-Meteo archive API, 2022-2024 average for (30.901,75.8573) -- this is a multi-year AVERAGE, not a forecast."
punjab_ludhiana,5,30.6,39.2,8.1,"Open-Meteo archive API, 2022-2024 average for (30.901,75.8573) -- this is a multi-year AVERAGE, not a forecast."
punjab_ludhiana,6,32.1,49.0,7.8,"Open-Meteo archive API, 2022-2024 average for (30.901,75.8573) -- this is a multi-year AVERAGE, not a forecast."
punjab_ludhiana,7,29.4,80.5,34.0,"Open-Meteo archive API, 2022-2024 average for (30.901,75.8573) -- this is a multi-year AVERAGE, not a forecast."
punjab_ludhiana,8,28.9,81.8,18.0,"Open-Meteo archive API, 2022-2024 average for (30.901,75.8573) -- this is a multi-year AVERAGE, not a forecast."
punjab_ludhiana,9,28.1,76.9,17.2,"Open-Meteo archive API, 2022-2024 average for (30.901,75.8573) -- this is a multi-year AVERAGE, not a forecast."
punjab_ludhiana,10,24.4,66.7,2.5,"Open-Meteo archive API, 2022-2024 average for (30.901,75.8573) -- this is a multi-year AVERAGE, not a forecast."
punjab_ludhiana,11,18.9,73.7,1.6,"Open-Meteo archive API, 2022-2024 average for (30.901,75.8573) -- this is a multi-year AVERAGE, not a forecast."
punjab_ludhiana,12,13.0,78.9,2.9,"Open-Meteo archive API, 2022-2024 average for (30.901,75.8573) -- this is a multi-year AVERAGE, not a forecast."
