crop_id,nutrient,soil_rating,adjustment_kg_ha,source,notes
wheat,k,low,29.7,"PAU Package of Practices for Crops of Punjab, Rabi 2025-26, Vol. 42, p.9","Add 20 kg MOP/acre (29.7 kg/ha K2O) to the standard dose (which is 0) if soil tests low in potassium."
wheat,k,very_low,59.3,"PAU Package of Practices for Crops of Punjab, Rabi 2025-26, Vol. 42, p.9","Add 40 kg MOP/acre (59.3 kg/ha K2O) if soil tests very low in potassium. Requires soil_test_ratings.csv's new optional very_low_below cutoff for k to be usable by lookup; that cutoff itself is TODO(data) (see soil_test_ratings.csv)."
rice,p,medium,-29.7,"PAU Package of Practices for Crops of Punjab, Kharif 2026, Vol. 43, p.10","PAU: 'apply phosphorus and potassium fertilizers only when the soil test shows deficiency.' The standard dose (29.7 kg/ha P2O5) assumes deficiency (soil_rating=low); skip it entirely -- subtract the full standard dose -- when soil tests medium (not deficient)."
rice,p,high,-29.7,"PAU Package of Practices for Crops of Punjab, Kharif 2026, Vol. 43, p.10","Same as medium -- skip the standard P2O5 dose when soil tests high (not deficient)."
rice,k,medium,-29.7,"PAU Package of Practices for Crops of Punjab, Kharif 2026, Vol. 43, p.10","Same phosphorus/potassium-only-if-deficient rule, applied to K2O: skip the standard dose when soil tests medium."
rice,k,high,-29.7,"PAU Package of Practices for Crops of Punjab, Kharif 2026, Vol. 43, p.10","Same as medium -- skip the standard K2O dose when soil tests high."
wheat,n,TODO(data),TODO(data),"No PAU soil-test adjustment table found for wheat N (unlike K).","Alternative: the STCR targeted-yield equation in stcr_equations.csv is a full replacement for standard-dose-plus-adjustment when a yield target is available, not an adjustment layered on top of the flat PAU dose. Team TODO: decide which path the engine uses for N."
wheat,p,TODO(data),TODO(data),"No PAU soil-test adjustment table found for wheat P2O5 (unlike K).","Same STCR alternative available in stcr_equations.csv. Team TODO."
rice,n,TODO(data),TODO(data),"No PAU soil-test adjustment table found for rice N.","No Punjab or Haryana STCR equation exists for rice either -- rice N currently has no soil-test-responsive path at all, only the flat standard dose (and the PR 132 variety exception in reference_doses.csv). Team TODO."
