crop_id,stage_id,n_fraction,p_fraction,k_fraction
wheat,sowing,0,1,1
wheat,crown_root_initiation,0.5,0,0
wheat,second_irrigation,0.5,0,0
rice,nursery_sowing,0,0,0
rice,transplanting,0,1,1
rice,first_n_split,0.333,0,0
rice,active_tillering,0.333,0,0
rice,panicle_initiation,0.334,0,0
chickpea,sowing,1,1,1
chickpea,flowering_pod_filling,0,0,0
maize,sowing,0.333,1,1
maize,knee_high,0.333,0,0
maize,pre_tasseling,0.334,0,0
cotton,sowing,0,1,1
cotton,thinning,0.5,0,0
cotton,squaring,0,0,0
cotton,flowering,0.5,0,0
sugarcane,planting,0,1,1
sugarcane,first_n_topdress,0.5,0,0
sugarcane,grand_growth,0.5,0,0
