temperature_c,humidity_pct,moisture_pct,soil_type,nitrogen_raw,potassium_raw,phosphorous_raw,crop_id,variety_id,product_id
26,52,38,Sandy,37,0,0,maize,generic,urea
29,52,45,Loamy,12,0,36,sugarcane,generic,dap
34,65,62,Black,7,9,30,cotton,generic,npk_14_35_14
28,54,46,Clayey,35,0,0,rice,generic,urea
25,50,64,Red,9,0,10,cotton,generic,np_20_20_0
33,64,50,Loamy,41,0,0,wheat,generic,urea
31,62,48,Sandy,14,15,12,maize,generic,npk_17_17_17
25,50,65,Loamy,36,0,0,cotton,generic,urea
32,62,41,Clayey,24,0,22,rice,generic,np_28_28_0
31,62,49,Black,10,13,14,sugarcane,generic,npk_17_17_17
28,54,65,Black,39,0,0,cotton,generic,urea
29,58,52,Loamy,13,0,36,wheat,generic,dap
34,65,53,Loamy,12,14,12,sugarcane,generic,npk_17_17_17
33,64,39,Clayey,13,0,10,rice,generic,np_20_20_0
26,52,44,Sandy,23,0,20,maize,generic,np_28_28_0
30,60,63,Red,9,9,29,cotton,generic,npk_14_35_14
32,62,30,Loamy,38,0,0,sugarcane,generic,urea
30,60,27,Loamy,12,0,40,sugarcane,generic,dap
34,65,38,Clayey,39,0,0,rice,generic,urea
26,52,48,Loamy,23,0,19,wheat,generic,np_28_28_0
30,60,61,Loamy,8,10,31,cotton,generic,npk_14_35_14
37,70,37,Clayey,12,0,41,rice,generic,dap
30,60,58,Loamy,10,7,32,sugarcane,generic,npk_14_35_14
34,65,60,Black,35,0,0,sugarcane,generic,urea
38,70,48,Loamy,8,8,28,wheat,generic,npk_14_35_14
29,58,43,Clayey,24,0,18,rice,generic,np_28_28_0
33,64,51,Sandy,5,9,29,maize,generic,npk_14_35_14
31,62,63,Red,11,12,15,cotton,generic,npk_17_17_17
34,65,54,Loamy,38,0,0,wheat,generic,urea
25,50,56,Loamy,11,13,15,sugarcane,generic,npk_17_17_17
28,54,41,Clayey,36,0,0,rice,generic,urea
30,60,49,Loamy,13,0,9,wheat,generic,np_20_20_0
34,65,64,Black,24,0,20,cotton,generic,np_28_28_0
36,68,62,Red,15,0,40,cotton,generic,dap
34,65,57,Black,9,0,13,sugarcane,generic,np_20_20_0
29,58,55,Loamy,8,8,33,sugarcane,generic,npk_14_35_14
34,65,48,Loamy,23,0,19,wheat,generic,np_28_28_0
29,58,42,Clayey,9,10,22,rice,generic,npk_14_35_14
30,60,47,Sandy,22,0,21,maize,generic,np_28_28_0
27,53,59,Loamy,10,0,15,sugarcane,generic,np_20_20_0
34,65,63,Red,14,0,38,cotton,generic,dap
28,54,43,Clayey,10,8,29,rice,generic,npk_14_35_14
29,58,65,Black,14,0,35,cotton,generic,dap
26,52,59,Loamy,11,0,9,sugarcane,generic,np_20_20_0
36,68,50,Loamy,12,18,19,wheat,generic,npk_10_26_26
29,58,61,Loamy,11,0,38,cotton,generic,dap
34,65,45,Clayey,6,19,21,rice,generic,npk_10_26_26
28,54,25,Sandy,9,10,30,maize,generic,npk_14_35_14
38,72,51,Loamy,39,0,0,wheat,generic,urea
29,58,57,Black,12,0,10,sugarcane,generic,np_20_20_0
